,circuit,n_qubits,depth,n_2q_gates,itensors_time,itensors_fidelity,quimb_time,quimb_fidelity,pytket-cutn_time,pytket-cutn_fidelity
0,TFIM_square_obc_Jz=1.0_hx=2.0_dt=0.5_n_trotter_steps=2_Lx=8_Ly=7.json,56,20,194,260.559723575,0.5567608557945595,1009.7925546169281,nan,89.28249597549438,0.5575822893374124
1,TFIM_square_PBC_Jz=1.0_hx=2.0_dt=0.3_n_trotter_steps=20_Lx=8_Ly=7.json,56,321,2240,oom,oom,,,2751.776663541794,0.03813118769581694
2,XZ_square_obc_J=1_dt=0.5_n_trotter_steps=14_Lx=8_Ly=7.json,56,125,2813,oom,oom,,,2408.604769706726,3.4709170567649494e-32
3,TFIM_honeycomb_PBC_Jz=1.0_hx=6.0_dt=0.1_n_trotter_steps=4_Lx=4_Ly=7.json,56,17,336,2046.287604449,0.9319885348194185,5684.576669692993,nan,422.83114743232727,0.9321226233131291
4,XZ_square_PBC_J=1_dt=0.1_n_trotter_steps=18_Lx=8_Ly=7.json,56,555,4144,oom,oom,,,4996.734528064728,0.04796731539986057
5,TFIM_honeycomb_obc_Jz=1.0_hx=6.0_dt=0.5_n_trotter_steps=2_Lx=4_Ly=7.json,56,9,146,29.82779424,0.9999999999999676,63.557283878326416,nan,8.291440725326538,0.9999999999999731
6,XZ_honeycomb_PBC_J=1_dt=0.5_n_trotter_steps=8_Lx=4_Ly=7.json,56,51,1428,oom,oom,,,1746.0233018398285,2.831680255666111e-16
7,TFIM_square_obc_Jz=1.0_hx=8.0_dt=0.5_n_trotter_steps=8_Lx=8_Ly=7.json,56,50,776,2563.264524771,1.6160412773458676e-07,6593.799196004868,nan,612.1573357582092,1.569214007591727e-07
8,TFIM_honeycomb_obc_Jz=1.0_hx=1.5_dt=0.3_n_trotter_steps=10_Lx=4_Ly=7.json,56,41,730,1093.063392727,0.742958259346883,3005.510394334793,nan,263.8659963607788,0.7429172893069419
9,TFIM_honeycomb_obc_Jz=1.0_hx=1.5_dt=0.5_n_trotter_steps=12_Lx=4_Ly=7.json,56,49,876,1370.662058668,0.004228579346648649,3730.5532886981964,nan,338.5027565956116,0.004186083391756195
10,TFIM_square_PBC_Jz=1.0_hx=8.0_dt=0.5_n_trotter_steps=16_Lx=8_Ly=7.json,56,257,1792,oom,oom,nan,nan,2191.1794459819794,2.252436221728459e-27
11,XZ_square_obc_J=1_dt=0.1_n_trotter_steps=12_Lx=8_Ly=7.json,56,109,2425,oom,oom,,,2004.8541440963745,0.36669911057013715
12,XZ_square_obc_J=1_dt=0.1_n_trotter_steps=18_Lx=8_Ly=7.json,56,157,3589,oom,oom,,,2889.9307675361633,0.21181554847555406
13,XZ_square_obc_J=1_dt=0.5_n_trotter_steps=10_Lx=8_Ly=7.json,56,93,2037,oom,oom,,,1728.0169684886932,2.1063121700538167e-24
14,TFIM_square_obc_Jz=1.0_hx=4.0_dt=0.5_n_trotter_steps=10_Lx=8_Ly=7.json,56,60,970,oom,oom,8791.051189661026,nan,802.8747980594635,6.599531968248722e-08
15,TFIM_square_PBC_Jz=1.0_hx=2.0_dt=0.1_n_trotter_steps=4_Lx=8_Ly=7.json,56,65,448,1861.244606194,0.9788462855743513,5776.930989980698,nan,404.40708899497986,0.9788082591064626
16,TFIM_square_PBC_Jz=1.0_hx=4.0_dt=0.1_n_trotter_steps=14_Lx=8_Ly=7.json,56,225,1568,oom,oom,,,1769.0081326961517,0.2498755914794454
17,TFIM_square_obc_Jz=1.0_hx=2.0_dt=0.3_n_trotter_steps=16_Lx=8_Ly=7.json,56,90,1552,oom,oom,13790.104093790054,nan,1255.4182693958282,0.02400322186609451
18,XZ_square_PBC_J=1_dt=0.1_n_trotter_steps=2_Lx=8_Ly=7.json,56,75,560,2473.582517466,0.9203243295653443,7538.159802913666,nan,569.6278216838837,0.9203750686907978
19,TFIM_honeycomb_obc_Jz=1.0_hx=6.0_dt=0.3_n_trotter_steps=14_Lx=4_Ly=7.json,56,57,1022,1539.404850531,0.005627703131531135,4415.850062131882,nan,395.5927543640137,0.005607901060732009
20,XZ_honeycomb_PBC_J=1_dt=0.1_n_trotter_steps=6_Lx=4_Ly=7.json,56,39,1092,oom,oom,,,1222.466314792633,0.48920488499531034
21,TFIM_honeycomb_PBC_Jz=1.0_hx=6.0_dt=0.3_n_trotter_steps=16_Lx=4_Ly=7.json,56,65,1344,oom,oom,nan,nan,1660.526350736618,1.98398635117181e-10
22,XZ_square_PBC_J=1_dt=0.5_n_trotter_steps=8_Lx=8_Ly=7.json,56,255,1904,oom,oom,,,2323.0122582912445,4.085962648474664e-42
23,XZ_square_PBC_J=1_dt=0.5_n_trotter_steps=6_Lx=8_Ly=7.json,56,195,1456,oom,oom,,,1761.4124813079834,1.5228190157954409e-34
24,TFIM_square_PBC_Jz=1.0_hx=2.0_dt=0.3_n_trotter_steps=4_Lx=8_Ly=7.json,56,65,448,2095.887978141,0.3568898488192542,5983.248962163925,nan,481.21413350105286,0.35658534461725094
25,TFIM_honeycomb_obc_Jz=1.0_hx=1.5_dt=0.5_n_trotter_steps=10_Lx=4_Ly=7.json,56,41,730,1130.110700811,0.018059535419395888,3015.6307067871094,nan,279.3478991985321,0.017837402769797717
26,TFIM_honeycomb_obc_Jz=1.0_hx=3.0_dt=0.1_n_trotter_steps=2_Lx=4_Ly=7.json,56,9,146,28.704152179,0.9999999999999238,58.103776931762695,nan,8.042686700820923,0.9999999999999705
27,TFIM_square_PBC_Jz=1.0_hx=4.0_dt=0.5_n_trotter_steps=20_Lx=8_Ly=7.json,56,321,2240,oom,oom,nan,nan,2733.2283153533936,1.0070066567015577e-20
28,TFIM_square_obc_Jz=1.0_hx=4.0_dt=0.1_n_trotter_steps=12_Lx=8_Ly=7.json,56,70,1164,oom,oom,10651.665706634521,nan,908.1560769081116,0.6906989539363966
29,TFIM_square_obc_Jz=1.0_hx=8.0_dt=0.3_n_trotter_steps=16_Lx=8_Ly=7.json,56,90,1552,oom,oom,13800.113053798676,nan,1272.84947514534,0.0231695527289942
30,TFIM_honeycomb_PBC_Jz=1.0_hx=3.0_dt=0.1_n_trotter_steps=16_Lx=4_Ly=7.json,56,65,1344,oom,oom,,,1552.6961665153503,0.28372673427161765
31,TFIM_square_obc_Jz=1.0_hx=4.0_dt=0.1_n_trotter_steps=10_Lx=8_Ly=7.json,56,60,970,oom,oom,8433.397406101227,nan,728.4712131023407,0.7792391824616265
32,TFIM_square_obc_Jz=1.0_hx=2.0_dt=0.3_n_trotter_steps=12_Lx=8_Ly=7.json,56,70,1164,oom,oom,10807.554811239243,nan,955.2824790477753,0.049205630987035676
33,TFIM_square_PBC_Jz=1.0_hx=2.0_dt=0.3_n_trotter_steps=18_Lx=8_Ly=7.json,56,289,2016,oom,oom,,,2496.657313108444,0.04776819938995424
34,TFIM_honeycomb_PBC_Jz=1.0_hx=3.0_dt=0.5_n_trotter_steps=20_Lx=4_Ly=7.json,56,81,1680,oom,oom,nan,nan,2040.0039958953857,6.12888426822987e-07
35,TFIM_honeycomb_PBC_Jz=1.0_hx=6.0_dt=0.1_n_trotter_steps=10_Lx=4_Ly=7.json,56,41,840,oom,oom,12766.14899778366,nan,1015.4360482692719,0.5499415071813455
36,TFIM_honeycomb_obc_Jz=1.0_hx=6.0_dt=0.1_n_trotter_steps=14_Lx=4_Ly=7.json,56,57,1022,1501.198919029,0.9924732325454106,4452.03983092308,nan,351.2132029533386,0.9924736277518634
37,XZ_honeycomb_obc_J=1_dt=0.1_n_trotter_steps=20_Lx=4_Ly=7.json,56,123,2993,oom,oom,13733.752141952515,nan,1136.5798652172089,0.5193381171231798
38,TFIM_square_obc_Jz=1.0_hx=4.0_dt=0.1_n_trotter_steps=4_Lx=8_Ly=7.json,56,30,388,822.909927084,0.9995472869748515,2424.763198852539,nan,182.2099826335907,0.9995471890560204
39,XZ_honeycomb_PBC_J=1_dt=0.3_n_trotter_steps=12_Lx=4_Ly=7.json,56,75,2100,oom,oom,,,2523.2610182762146,0.0028852234293360196
40,TFIM_honeycomb_PBC_Jz=1.0_hx=1.5_dt=0.5_n_trotter_steps=4_Lx=4_Ly=7.json,56,17,336,2040.271541071,0.005794967065174273,5843.066940546036,nan,479.44839239120483,0.005839852401052088
41,XZ_honeycomb_obc_J=1_dt=0.1_n_trotter_steps=10_Lx=4_Ly=7.json,56,63,1533,2157.588081523,0.9149747451964316,6793.934228420258,nan,547.846893787384,0.9149256021620046
42,XZ_honeycomb_PBC_J=1_dt=0.5_n_trotter_steps=6_Lx=4_Ly=7.json,56,39,1092,oom,oom,,,1361.9665007591248,2.274787410010903e-12
43,TFIM_honeycomb_obc_Jz=1.0_hx=1.5_dt=0.3_n_trotter_steps=8_Lx=4_Ly=7.json,56,33,584,821.915454458,0.8808858329116542,2252.7447140216827,nan,204.85855913162231,0.881032338474124
44,XZ_honeycomb_obc_J=1_dt=0.5_n_trotter_steps=10_Lx=4_Ly=7.json,56,63,1533,2200.299023378,4.138850247669227e-08,7028.4383664131165,nan,621.8795495033264,3.943156004972043e-08
45,TFIM_square_obc_Jz=1.0_hx=4.0_dt=0.5_n_trotter_steps=2_Lx=8_Ly=7.json,56,20,194,267.571591875,0.5479796277908431,1014.6263113021851,nan,89.05799174308777,0.553483233353613
46,TFIM_honeycomb_obc_Jz=1.0_hx=6.0_dt=0.1_n_trotter_steps=20_Lx=4_Ly=7.json,56,81,1460,2207.055219623,0.9150408474382763,6628.906806707382,nan,540.5757489204407,0.9149726568298989
47,XZ_square_obc_J=1_dt=0.5_n_trotter_steps=12_Lx=8_Ly=7.json,56,109,2425,oom,oom,,,2071.9625074863434,3.121904741320834e-28
48,TFIM_honeycomb_obc_Jz=1.0_hx=6.0_dt=0.5_n_trotter_steps=12_Lx=4_Ly=7.json,56,49,876,1123.556280595,0.9999999999389872,3691.2899630069733,nan,291.8158509731293,0.999999999938076
49,XZ_square_obc_J=1_dt=0.3_n_trotter_steps=4_Lx=8_Ly=7.json,56,45,873,oom,oom,7624.293670415878,nan,683.7716476917267,0.13557648651371895
50,XZ_honeycomb_PBC_J=1_dt=0.1_n_trotter_steps=12_Lx=4_Ly=7.json,56,75,2100,oom,oom,,,2442.8026638031006,0.21730661013252256
51,TFIM_honeycomb_obc_Jz=1.0_hx=6.0_dt=0.1_n_trotter_steps=6_Lx=4_Ly=7.json,56,25,438,494.361673822,0.9999996751566352,1487.278593301773,nan,112.64553141593933,0.9999996754635883
52,XZ_honeycomb_obc_J=1_dt=0.3_n_trotter_steps=14_Lx=4_Ly=7.json,56,87,2117,3146.169460491,0.2491091182370743,9784.733149290085,nan,833.6358244419098,0.24913234174645543
53,TFIM_honeycomb_obc_Jz=1.0_hx=6.0_dt=0.5_n_trotter_steps=6_Lx=4_Ly=7.json,56,25,438,407.695422015,0.9999999999983609,1477.3311305046082,nan,118.82658553123474,0.9999999999981342
54,TFIM_square_obc_Jz=1.0_hx=2.0_dt=0.5_n_trotter_steps=10_Lx=8_Ly=7.json,56,60,970,oom,oom,8828.064723730087,nan,799.1163358688354,1.0355020918914834e-08
55,XZ_honeycomb_obc_J=1_dt=0.1_n_trotter_steps=2_Lx=4_Ly=7.json,56,15,365,353.244999741,0.9999999862717825,1146.9339430332184,nan,82.17993807792664,0.99999998627353
56,TFIM_honeycomb_obc_Jz=1.0_hx=3.0_dt=0.1_n_trotter_steps=4_Lx=4_Ly=7.json,56,17,292,132.071100599,0.9999999999809699,713.4388203620911,nan,49.95186424255371,0.9999999999810683
57,XZ_square_PBC_J=1_dt=0.5_n_trotter_steps=2_Lx=8_Ly=7.json,56,75,560,2478.985700507,2.3767203293848668e-11,7333.792643785477,nan,635.4030923843384,2.7090769039783747e-11
58,TFIM_honeycomb_PBC_Jz=1.0_hx=1.5_dt=0.1_n_trotter_steps=18_Lx=4_Ly=7.json,56,73,1512,oom,oom,,,1719.650149345398,0.1908641713004269
59,TFIM_square_PBC_Jz=1.0_hx=8.0_dt=0.3_n_trotter_steps=20_Lx=8_Ly=7.json,56,321,2240,oom,oom,,,2732.3284633159637,5.179005677941888e-06
60,TFIM_square_obc_Jz=1.0_hx=4.0_dt=0.3_n_trotter_steps=16_Lx=8_Ly=7.json,56,90,1552,oom,oom,14012.740369558334,nan,1269.2265093326569,4.79049818835746e-15
61,XZ_honeycomb_PBC_J=1_dt=0.5_n_trotter_steps=14_Lx=4_Ly=7.json,56,87,2436,oom,oom,,,2957.4662551879883,1.4045126860539991e-28
62,XZ_square_PBC_J=1_dt=0.1_n_trotter_steps=20_Lx=8_Ly=7.json,56,615,4592,oom,oom,,,5600.0062737464905,0.033015339444912147
63,TFIM_honeycomb_PBC_Jz=1.0_hx=1.5_dt=0.3_n_trotter_steps=14_Lx=4_Ly=7.json,56,57,1176,oom,oom,,,1424.11230134964,0.11129696973658107
64,TFIM_square_PBC_Jz=1.0_hx=8.0_dt=0.3_n_trotter_steps=16_Lx=8_Ly=7.json,56,257,1792,oom,oom,,,2176.9455876350403,5.3732727250800535e-05
65,XZ_honeycomb_PBC_J=1_dt=0.1_n_trotter_steps=16_Lx=4_Ly=7.json,56,99,2772,oom,oom,,,3181.3937096595764,0.14308341342259218
66,TFIM_honeycomb_obc_Jz=1.0_hx=3.0_dt=0.3_n_trotter_steps=6_Lx=4_Ly=7.json,56,25,438,569.147110995,0.9647874647131746,1555.2615683078766,nan,141.2279920578003,0.9647596978465864
67,TFIM_honeycomb_PBC_Jz=1.0_hx=6.0_dt=0.5_n_trotter_steps=10_Lx=4_Ly=7.json,56,41,840,oom,oom,12772.601218223572,nan,954.4257185459137,0.9999989966327669
68,TFIM_square_PBC_Jz=1.0_hx=8.0_dt=0.3_n_trotter_steps=6_Lx=8_Ly=7.json,56,97,672,3110.80177069,0.03990860562508183,9111.746049404144,nan,764.8464915752411,0.040007190418659966
69,TFIM_square_obc_Jz=1.0_hx=4.0_dt=0.1_n_trotter_steps=20_Lx=8_Ly=7.json,56,110,1940,oom,oom,,,1585.3288946151733,0.40903036647177754
70,TFIM_honeycomb_obc_Jz=1.0_hx=1.5_dt=0.3_n_trotter_steps=18_Lx=4_Ly=7.json,56,73,1314,2009.700927832,0.22627273778535803,5945.622808218002,nan,514.2646627426147,0.226225519115505
71,TFIM_honeycomb_PBC_Jz=1.0_hx=3.0_dt=0.3_n_trotter_steps=18_Lx=4_Ly=7.json,56,73,1512,oom,oom,,,1859.0643258094788,0.0063849357782927085
72,TFIM_square_obc_Jz=1.0_hx=8.0_dt=0.1_n_trotter_steps=8_Lx=8_Ly=7.json,56,50,776,2461.907283151,0.9439614857808416,6524.19532251358,nan,552.8288080692291,0.9439845590674043
73,XZ_honeycomb_PBC_J=1_dt=0.5_n_trotter_steps=4_Lx=4_Ly=7.json,56,27,756,oom,oom,11689.676612377167,nan,1001.8227324485779,1.6624959500548583e-08
74,XZ_square_obc_J=1_dt=0.3_n_trotter_steps=20_Lx=8_Ly=7.json,56,173,3977,oom,oom,,,3419.7039244174957,9.323765684572194e-07
75,TFIM_square_PBC_Jz=1.0_hx=2.0_dt=0.5_n_trotter_steps=6_Lx=8_Ly=7.json,56,97,672,oom,oom,8978.59645318985,nan,779.3056838512421,5.485991280382459e-12
76,TFIM_honeycomb_obc_Jz=1.0_hx=3.0_dt=0.5_n_trotter_steps=2_Lx=4_Ly=7.json,56,9,146,48.600114392,0.9999999999988236,150.36281991004944,nan,15.115767478942871,0.9999999999989062
77,TFIM_honeycomb_obc_Jz=1.0_hx=1.5_dt=0.5_n_trotter_steps=6_Lx=4_Ly=7.json,56,25,438,577.524092434,0.2900193771177263,1565.7464537620544,nan,146.6671380996704,0.2890552666392361
78,XZ_honeycomb_obc_J=1_dt=0.3_n_trotter_steps=8_Lx=4_Ly=7.json,56,51,1241,1828.457046221,0.5385495429135557,5600.6219890117645,nan,478.1405293941498,0.5383551371912071
79,XZ_square_obc_J=1_dt=0.5_n_trotter_steps=6_Lx=8_Ly=7.json,56,61,1261,oom,oom,11523.540244817734,nan,1046.9437923431396,7.463762892413711e-16
80,XZ_honeycomb_obc_J=1_dt=0.1_n_trotter_steps=6_Lx=4_Ly=7.json,56,39,949,1264.777300718,0.9978511318743934,4025.3208231925964,nan,303.5349807739258,0.9978517412131496
81,TFIM_honeycomb_PBC_Jz=1.0_hx=3.0_dt=0.3_n_trotter_steps=4_Lx=4_Ly=7.json,56,17,336,2106.104053592,0.24151481471685662,5690.234853506088,nan,487.5395498275757,0.2417596252090333
82,TFIM_honeycomb_obc_Jz=1.0_hx=6.0_dt=0.5_n_trotter_steps=18_Lx=4_Ly=7.json,56,73,1314,1852.471126676,0.9999999993181741,5959.0833349227905,nan,474.12883710861206,0.9999999993162632
83,TFIM_square_PBC_Jz=1.0_hx=4.0_dt=0.3_n_trotter_steps=4_Lx=8_Ly=7.json,56,65,448,1993.311125739,2.1302631964165965e-05,5839.3807990550995,nan,501.1006007194519,2.2050528723003253e-05
84,TFIM_square_PBC_Jz=1.0_hx=2.0_dt=0.5_n_trotter_steps=8_Lx=8_Ly=7.json,56,129,896,oom,oom,12223.897597074509,nan,1032.80273270607,2.5879122454115195e-14
85,TFIM_square_obc_Jz=1.0_hx=8.0_dt=0.5_n_trotter_steps=2_Lx=8_Ly=7.json,56,20,194,254.532254975,0.7146670620848881,975.54523229599,nan,83.32614398002625,0.7166276828032265
86,TFIM_square_obc_Jz=1.0_hx=8.0_dt=0.3_n_trotter_steps=14_Lx=8_Ly=7.json,56,80,1358,oom,oom,12499.233800172806,nan,1120.1192433834076,0.03706802411522741
87,TFIM_honeycomb_PBC_Jz=1.0_hx=1.5_dt=0.3_n_trotter_steps=20_Lx=4_Ly=7.json,56,81,1680,oom,oom,,,2038.7793362140656,0.08446232102579125
88,TFIM_square_obc_Jz=1.0_hx=4.0_dt=0.5_n_trotter_steps=8_Lx=8_Ly=7.json,56,50,776,2538.033144405,4.5139374438600323e-07,6772.9224491119385,nan,601.6426620483398,4.883317084808919e-07
89,TFIM_honeycomb_obc_Jz=1.0_hx=1.5_dt=0.5_n_trotter_steps=20_Lx=4_Ly=7.json,56,81,1460,2333.971031172,1.9026817570642792e-05,6573.779067277908,nan,596.9798355102539,1.9156166172574088e-05
90,XZ_square_PBC_J=1_dt=0.3_n_trotter_steps=20_Lx=8_Ly=7.json,56,615,4592,oom,oom,,,5731.699679851532,1.5183789543694838e-15
91,XZ_square_obc_J=1_dt=0.5_n_trotter_steps=16_Lx=8_Ly=7.json,56,141,3201,oom,oom,,,2722.691691160202,7.808931428856381e-36
92,TFIM_square_obc_Jz=1.0_hx=2.0_dt=0.5_n_trotter_steps=14_Lx=8_Ly=7.json,56,80,1358,oom,oom,12640.351099729538,nan,1113.828500509262,5.6640915681998036e-11
93,XZ_honeycomb_PBC_J=1_dt=0.1_n_trotter_steps=10_Lx=4_Ly=7.json,56,63,1764,oom,oom,,,2059.1329412460327,0.27398844191586547
94,TFIM_square_PBC_Jz=1.0_hx=2.0_dt=0.1_n_trotter_steps=20_Lx=8_Ly=7.json,56,321,2240,oom,oom,,,2650.4206488132477,0.11268056226439664
95,XZ_square_PBC_J=1_dt=0.3_n_trotter_steps=18_Lx=8_Ly=7.json,56,555,4144,oom,oom,,,5132.234582901001,5.814218993213475e-14
96,XZ_square_obc_J=1_dt=0.1_n_trotter_steps=4_Lx=8_Ly=7.json,56,45,873,2785.180968574,0.9235774400497712,7560.23757481575,nan,623.546765089035,0.923387011104913
97,TFIM_honeycomb_PBC_Jz=1.0_hx=1.5_dt=0.5_n_trotter_steps=20_Lx=4_Ly=7.json,56,81,1680,oom,oom,,,2077.1717925071716,0.0003940352431217939
98,TFIM_square_PBC_Jz=1.0_hx=8.0_dt=0.1_n_trotter_steps=12_Lx=8_Ly=7.json,56,193,1344,oom,oom,,,1566.799637556076,0.39963051553099976
99,TFIM_square_PBC_Jz=1.0_hx=2.0_dt=0.5_n_trotter_steps=12_Lx=8_Ly=7.json,56,193,1344,oom,oom,,,1662.693267583847,1.8057074261869085e-18
100,TFIM_honeycomb_obc_Jz=1.0_hx=6.0_dt=0.3_n_trotter_steps=12_Lx=4_Ly=7.json,56,49,876,1354.2312475,0.03293962604242494,3755.209613800049,nan,325.16662549972534,0.03275735343392763
101,TFIM_square_obc_Jz=1.0_hx=2.0_dt=0.3_n_trotter_steps=10_Lx=8_Ly=7.json,56,60,970,oom,oom,8585.649973392487,nan,786.539294719696,0.09441209779653377
102,TFIM_honeycomb_obc_Jz=1.0_hx=3.0_dt=0.3_n_trotter_steps=20_Lx=4_Ly=7.json,56,81,1460,2324.692092873,0.27048742044310425,6612.117960929871,nan,580.0192050933838,0.27037132214005455
103,TFIM_square_obc_Jz=1.0_hx=2.0_dt=0.5_n_trotter_steps=6_Lx=8_Ly=7.json,56,40,582,1839.111906481,3.2099212219579686e-06,4946.704589128494,nan,453.4181091785431,3.184055129816097e-06
104,TFIM_honeycomb_PBC_Jz=1.0_hx=1.5_dt=0.1_n_trotter_steps=12_Lx=4_Ly=7.json,56,49,1008,oom,oom,,,1111.422532081604,0.47467043236187245
105,TFIM_honeycomb_PBC_Jz=1.0_hx=6.0_dt=0.3_n_trotter_steps=14_Lx=4_Ly=7.json,56,57,1176,oom,oom,nan,nan,1468.2848870754242,3.6219299679575324e-10
106,XZ_honeycomb_PBC_J=1_dt=0.3_n_trotter_steps=8_Lx=4_Ly=7.json,56,51,1428,oom,oom,,,1704.023696899414,0.01968100358499347
107,XZ_honeycomb_PBC_J=1_dt=0.1_n_trotter_steps=2_Lx=4_Ly=7.json,56,15,420,2511.178120135,0.926475056428557,7222.875093698502,nan,536.0760796070099,0.926479225753882
108,TFIM_honeycomb_obc_Jz=1.0_hx=3.0_dt=0.5_n_trotter_steps=14_Lx=4_Ly=7.json,56,57,1022,1537.044009569,0.9998326119316585,4596.682575464249,nan,355.80499053001404,0.9998326510171573
109,TFIM_honeycomb_PBC_Jz=1.0_hx=3.0_dt=0.3_n_trotter_steps=14_Lx=4_Ly=7.json,56,57,1176,oom,oom,,,1476.298095703125,0.01977949812109006
110,TFIM_honeycomb_obc_Jz=1.0_hx=1.5_dt=0.1_n_trotter_steps=2_Lx=4_Ly=7.json,56,9,146,24.864653128,0.9999999999999614,42.2446665763855,nan,10.791151762008667,0.9999999999999911
111,TFIM_square_PBC_Jz=1.0_hx=8.0_dt=0.5_n_trotter_steps=14_Lx=8_Ly=7.json,56,225,1568,oom,oom,nan,nan,1895.811480998993,2.2101935682069387e-24
112,TFIM_square_obc_Jz=1.0_hx=8.0_dt=0.1_n_trotter_steps=12_Lx=8_Ly=7.json,56,70,1164,oom,oom,10676.603028059006,nan,918.026050567627,0.7752291014006326
113,TFIM_square_PBC_Jz=1.0_hx=4.0_dt=0.5_n_trotter_steps=18_Lx=8_Ly=7.json,56,289,2016,oom,oom,nan,nan,2495.0108790397644,7.340746688938604e-20
114,TFIM_honeycomb_PBC_Jz=1.0_hx=6.0_dt=0.5_n_trotter_steps=2_Lx=4_Ly=7.json,56,9,168,896.802297732,0.9999999755161859,2641.955445289612,nan,170.86628317832947,0.9999999754501272
115,TFIM_square_PBC_Jz=1.0_hx=8.0_dt=0.1_n_trotter_steps=2_Lx=8_Ly=7.json,56,33,224,918.548257195,0.9966034380393531,2685.8861277103424,nan,199.81857180595398,0.9966012401495443
116,TFIM_square_PBC_Jz=1.0_hx=8.0_dt=0.1_n_trotter_steps=4_Lx=8_Ly=7.json,56,65,448,2062.723193118,0.9237536524574307,5928.21062207222,nan,460.0967631340027,0.9237663328418311
117,TFIM_honeycomb_obc_Jz=1.0_hx=6.0_dt=0.3_n_trotter_steps=20_Lx=4_Ly=7.json,56,81,1460,2357.373929471,3.4821033627111604e-05,6539.0584192276,nan,578.50071144104,3.441905094977926e-05
118,TFIM_honeycomb_obc_Jz=1.0_hx=6.0_dt=0.5_n_trotter_steps=14_Lx=4_Ly=7.json,56,57,1022,1335.608604266,0.9999999998447477,4447.193358182907,nan,360.43787455558777,0.9999999998435003
119,XZ_honeycomb_obc_J=1_dt=0.3_n_trotter_steps=20_Lx=4_Ly=7.json,56,123,2993,oom,oom,13777.304799318314,nan,1188.987241268158,0.15957787535093962
120,TFIM_square_obc_Jz=1.0_hx=8.0_dt=0.3_n_trotter_steps=8_Lx=8_Ly=7.json,56,50,776,2441.442320871,0.22643310244011583,6669.975405693054,nan,587.8420324325562,0.22660160129114354
121,TFIM_square_PBC_Jz=1.0_hx=4.0_dt=0.3_n_trotter_steps=20_Lx=8_Ly=7.json,56,321,2240,oom,oom,,,2714.7629334926605,3.5848745459185246e-20
122,TFIM_square_obc_Jz=1.0_hx=2.0_dt=0.3_n_trotter_steps=8_Lx=8_Ly=7.json,56,50,776,2561.353456498,0.23863988793720645,6563.105397224426,nan,599.8638823032379,0.23898704751723865
123,TFIM_honeycomb_obc_Jz=1.0_hx=1.5_dt=0.5_n_trotter_steps=14_Lx=4_Ly=7.json,56,57,1022,1591.919415398,0.0009649570484001555,4406.343436956406,nan,405.0549302101135,0.0009513786012780616
124,XZ_honeycomb_obc_J=1_dt=0.3_n_trotter_steps=6_Lx=4_Ly=7.json,56,39,949,1313.353954213,0.7163605931517085,4089.010717391968,nan,349.6291923522949,0.7163328683624096
125,XZ_honeycomb_PBC_J=1_dt=0.5_n_trotter_steps=2_Lx=4_Ly=7.json,56,15,420,2507.648190049,0.0003384226428684021,7239.043237686157,nan,603.7052929401398,0.0003354142604345653
126,TFIM_honeycomb_PBC_Jz=1.0_hx=6.0_dt=0.1_n_trotter_steps=18_Lx=4_Ly=7.json,56,73,1512,oom,oom,,,1772.8214292526245,0.3121536149682092
127,TFIM_honeycomb_obc_Jz=1.0_hx=3.0_dt=0.1_n_trotter_steps=10_Lx=4_Ly=7.json,56,41,730,924.423919713,0.9996427379682497,2909.484718799591,nan,227.7983055114746,0.9996429460595981
128,TFIM_square_PBC_Jz=1.0_hx=4.0_dt=0.3_n_trotter_steps=12_Lx=8_Ly=7.json,56,193,1344,oom,oom,,,1618.537803888321,6.22592525111051e-18
129,TFIM_honeycomb_obc_Jz=1.0_hx=3.0_dt=0.1_n_trotter_steps=6_Lx=4_Ly=7.json,56,25,438,411.640415035,0.999999904415977,1452.7895681858063,nan,107.24356412887573,0.9999999044928095
130,TFIM_square_obc_Jz=1.0_hx=2.0_dt=0.5_n_trotter_steps=20_Lx=8_Ly=7.json,56,110,1940,oom,oom,,,1640.1010465621948,6.730892154722509e-14
131,TFIM_square_obc_Jz=1.0_hx=4.0_dt=0.1_n_trotter_steps=18_Lx=8_Ly=7.json,56,100,1746,oom,oom,,,1426.9727871418,0.4669062541119846
132,TFIM_honeycomb_obc_Jz=1.0_hx=3.0_dt=0.1_n_trotter_steps=16_Lx=4_Ly=7.json,56,65,1168,1651.304218573,0.966801903670119,5183.572885274887,nan,404.32987904548645,0.9667726572689107
133,TFIM_square_PBC_Jz=1.0_hx=8.0_dt=0.1_n_trotter_steps=16_Lx=8_Ly=7.json,56,257,1792,oom,oom,,,2156.3614609241486,0.3027885125524917
134,XZ_square_PBC_J=1_dt=0.5_n_trotter_steps=16_Lx=8_Ly=7.json,56,495,3696,oom,oom,,,4633.683520078659,7.444314088368369e-70
135,TFIM_square_obc_Jz=1.0_hx=8.0_dt=0.1_n_trotter_steps=18_Lx=8_Ly=7.json,56,100,1746,oom,oom,,,1418.9714605808258,0.5608429272992177
136,TFIM_square_PBC_Jz=1.0_hx=4.0_dt=0.3_n_trotter_steps=18_Lx=8_Ly=7.json,56,289,2016,oom,oom,,,2466.5318880081177,7.286248100022587e-20
137,XZ_honeycomb_obc_J=1_dt=0.1_n_trotter_steps=18_Lx=4_Ly=7.json,56,111,2701,oom,oom,12444.826481342316,nan,1019.1212158203125,0.5720364751321209
138,TFIM_honeycomb_PBC_Jz=1.0_hx=1.5_dt=0.5_n_trotter_steps=12_Lx=4_Ly=7.json,56,49,1008,oom,oom,,,1289.786542415619,0.000627322854007545
139,TFIM_square_obc_Jz=1.0_hx=2.0_dt=0.3_n_trotter_steps=2_Lx=8_Ly=7.json,56,20,194,258.510522309,0.999293908421946,883.0160889625549,nan,76.25442409515381,0.9992943479219976
140,XZ_honeycomb_obc_J=1_dt=0.3_n_trotter_steps=2_Lx=4_Ly=7.json,56,15,365,442.362946353,0.9960763862686071,1192.5836255550385,nan,109.26486396789551,0.9960740924500872
141,TFIM_honeycomb_obc_Jz=1.0_hx=1.5_dt=0.1_n_trotter_steps=8_Lx=4_Ly=7.json,56,33,584,474.3710129,0.999999752854542,2113.363521337509,nan,147.4966742992401,0.9999997526778481
142,TFIM_honeycomb_obc_Jz=1.0_hx=6.0_dt=0.3_n_trotter_steps=6_Lx=4_Ly=7.json,56,25,438,575.679548017,0.8729094605342187,1590.142914056778,nan,138.27131462097168,0.8728052149265904
143,TFIM_square_obc_Jz=1.0_hx=2.0_dt=0.3_n_trotter_steps=18_Lx=8_Ly=7.json,56,100,1746,oom,oom,,,1465.7537672519684,0.016929105516460218
144,TFIM_square_obc_Jz=1.0_hx=4.0_dt=0.3_n_trotter_steps=10_Lx=8_Ly=7.json,56,60,970,oom,oom,8942.217809915543,nan,801.5805804729462,2.2155890214100137e-09
145,XZ_honeycomb_obc_J=1_dt=0.3_n_trotter_steps=12_Lx=4_Ly=7.json,56,75,1825,2645.391173709,0.3033896119173062,8234.614416360855,nan,713.9417905807495,0.303395168026468
146,TFIM_honeycomb_obc_Jz=1.0_hx=3.0_dt=0.1_n_trotter_steps=12_Lx=4_Ly=7.json,56,49,876,1138.863708046,0.9979897581035232,3703.9731562137604,nan,287.9475281238556,0.9979898161425829
147,TFIM_honeycomb_PBC_Jz=1.0_hx=6.0_dt=0.3_n_trotter_steps=20_Lx=4_Ly=7.json,56,81,1680,oom,oom,nan,nan,2107.273622751236,6.191186842712075e-11
148,XZ_honeycomb_obc_J=1_dt=0.5_n_trotter_steps=12_Lx=4_Ly=7.json,56,75,1825,2658.498592669,5.154114322284527e-10,8528.165378332138,nan,768.5134727954865,4.952248369330433e-10
149,TFIM_square_PBC_Jz=1.0_hx=8.0_dt=0.5_n_trotter_steps=10_Lx=8_Ly=7.json,56,161,1120,oom,oom,nan,nan,1324.3212802410126,3.183824081561551e-18
150,TFIM_honeycomb_obc_Jz=1.0_hx=6.0_dt=0.3_n_trotter_steps=8_Lx=4_Ly=7.json,56,33,584,843.746300518,0.4091260280453627,2364.718734025955,nan,208.3882327079773,0.40926256812248524
151,TFIM_honeycomb_PBC_Jz=1.0_hx=3.0_dt=0.5_n_trotter_steps=6_Lx=4_Ly=7.json,56,25,504,oom,oom,nan,nan,714.6469676494598,1.30381826640941e-06
152,TFIM_honeycomb_PBC_Jz=1.0_hx=1.5_dt=0.5_n_trotter_steps=14_Lx=4_Ly=7.json,56,57,1176,oom,oom,,,1446.0688853263855,0.0005380536496791281
153,TFIM_honeycomb_obc_Jz=1.0_hx=1.5_dt=0.1_n_trotter_steps=10_Lx=4_Ly=7.json,56,41,730,712.296789369,0.9999927248562078,2797.5853707790375,nan,203.64105939865112,0.9999927324637512
154,TFIM_honeycomb_obc_Jz=1.0_hx=3.0_dt=0.5_n_trotter_steps=12_Lx=4_Ly=7.json,56,49,876,1304.563779872,0.9998859858422107,3849.0763669013977,nan,303.35325384140015,0.9998859924849058
155,XZ_square_obc_J=1_dt=0.5_n_trotter_steps=20_Lx=8_Ly=7.json,56,173,3977,oom,oom,,,3461.7835173606873,6.977329788746007e-44
156,TFIM_square_obc_Jz=1.0_hx=2.0_dt=0.5_n_trotter_steps=12_Lx=8_Ly=7.json,56,70,1164,oom,oom,10914.313450813293,nan,969.8222613334656,9.457134684352218e-10
157,TFIM_honeycomb_obc_Jz=1.0_hx=3.0_dt=0.1_n_trotter_steps=20_Lx=4_Ly=7.json,56,81,1460,2154.095578057,0.8845331834146491,6470.366231679916,nan,540.048041343689,0.8845136505790336
158,TFIM_honeycomb_PBC_Jz=1.0_hx=3.0_dt=0.5_n_trotter_steps=14_Lx=4_Ly=7.json,56,57,1176,oom,oom,nan,nan,1418.3949990272522,8.818349727989345e-07
159,TFIM_square_obc_Jz=1.0_hx=2.0_dt=0.1_n_trotter_steps=18_Lx=8_Ly=7.json,56,100,1746,oom,oom,,,1383.2366380691528,0.22354694830772756
160,XZ_square_PBC_J=1_dt=0.1_n_trotter_steps=14_Lx=8_Ly=7.json,56,435,3248,oom,oom,,,3905.2306728363037,0.09842182206580949
161,TFIM_honeycomb_obc_Jz=1.0_hx=3.0_dt=0.3_n_trotter_steps=18_Lx=4_Ly=7.json,56,73,1314,2087.450476492,0.3284335793762386,,,519.692049741745,0.32812030613487814
162,XZ_square_obc_J=1_dt=0.1_n_trotter_steps=8_Lx=8_Ly=7.json,56,77,1649,oom,oom,,,1305.3540267944336,0.5936998923046164
163,TFIM_honeycomb_PBC_Jz=1.0_hx=3.0_dt=0.5_n_trotter_steps=16_Lx=4_Ly=7.json,56,65,1344,oom,oom,nan,nan,1612.9294831752777,8.109754612120811e-07
164,TFIM_square_obc_Jz=1.0_hx=8.0_dt=0.5_n_trotter_steps=20_Lx=8_Ly=7.json,56,110,1940,oom,oom,,,1603.1365716457367,2.3111470584940772e-17
165,XZ_honeycomb_PBC_J=1_dt=0.3_n_trotter_steps=18_Lx=4_Ly=7.json,56,111,3108,oom,oom,,,3662.3492472171783,0.0004880829710542763
166,TFIM_honeycomb_obc_Jz=1.0_hx=6.0_dt=0.3_n_trotter_steps=18_Lx=4_Ly=7.json,56,73,1314,2077.494280024,0.00018313086546236694,,,515.8594689369202,0.00018091751805846419
167,TFIM_square_PBC_Jz=1.0_hx=2.0_dt=0.1_n_trotter_steps=10_Lx=8_Ly=7.json,56,161,1120,oom,oom,,,1221.6488707065582,0.2732547986056815
168,TFIM_honeycomb_PBC_Jz=1.0_hx=3.0_dt=0.1_n_trotter_steps=20_Lx=4_Ly=7.json,56,81,1680,oom,oom,,,1992.321717262268,0.20296135434593499
169,TFIM_square_PBC_Jz=1.0_hx=4.0_dt=0.3_n_trotter_steps=8_Lx=8_Ly=7.json,56,129,896,oom,oom,11835.41039943695,nan,1056.0555768013,7.166683385830128e-14
170,XZ_square_obc_J=1_dt=0.1_n_trotter_steps=6_Lx=8_Ly=7.json,56,61,1261,oom,oom,11632.758930683136,nan,969.2180004119873,0.7772584194574321
171,TFIM_honeycomb_obc_Jz=1.0_hx=3.0_dt=0.3_n_trotter_steps=2_Lx=4_Ly=7.json,56,9,146,48.286040511,0.9999999763700416,,,15.965911149978638,0.9999999763683354
172,TFIM_square_PBC_Jz=1.0_hx=4.0_dt=0.5_n_trotter_steps=4_Lx=8_Ly=7.json,56,65,448,2066.990767299,3.6888350178394497e-09,,,511.83038210868835,3.7022326433765013e-09
173,TFIM_square_PBC_Jz=1.0_hx=4.0_dt=0.3_n_trotter_steps=6_Lx=8_Ly=7.json,56,97,672,oom,oom,,,783.5120892524719,8.456507191857215e-10
174,TFIM_square_PBC_Jz=1.0_hx=4.0_dt=0.1_n_trotter_steps=6_Lx=8_Ly=7.json,56,97,672,3023.111101008,0.6549489024405146,9127.851027011871,nan,710.7874364852905,0.6550637471666131
175,TFIM_honeycomb_PBC_Jz=1.0_hx=6.0_dt=0.1_n_trotter_steps=6_Lx=4_Ly=7.json,56,25,504,2947.838598884,0.7355089178252784,8569.100332021713,nan,663.0648546218872,0.7356120882730979
176,XZ_square_obc_J=1_dt=0.1_n_trotter_steps=2_Lx=8_Ly=7.json,56,29,485,1214.099364957,0.9978941630410388,,,271.75485348701477,0.9978961271738287
177,TFIM_square_obc_Jz=1.0_hx=4.0_dt=0.3_n_trotter_steps=20_Lx=8_Ly=7.json,56,110,1940,oom,oom,,,1659.3224699497223,3.9978110669054855e-17
178,TFIM_square_PBC_Jz=1.0_hx=8.0_dt=0.3_n_trotter_steps=10_Lx=8_Ly=7.json,56,161,1120,oom,oom,,,1307.9233181476593,0.0033045207005304666
179,TFIM_square_PBC_Jz=1.0_hx=4.0_dt=0.1_n_trotter_steps=18_Lx=8_Ly=7.json,56,289,2016,oom,oom,,,2440.701989889145,0.18496306137258522
180,XZ_square_PBC_J=1_dt=0.3_n_trotter_steps=8_Lx=8_Ly=7.json,56,255,1904,oom,oom,,,2338.5790123939514,2.621784706170191e-06
181,XZ_square_PBC_J=1_dt=0.5_n_trotter_steps=18_Lx=8_Ly=7.json,56,555,4144,oom,oom,,,5107.06459403038,3.172858514022463e-69
182,XZ_square_obc_J=1_dt=0.3_n_trotter_steps=2_Lx=8_Ly=7.json,56,29,485,1248.294826122,0.6906174887496078,,,304.5738923549652,0.6914142892324426
183,TFIM_honeycomb_obc_Jz=1.0_hx=3.0_dt=0.3_n_trotter_steps=12_Lx=4_Ly=7.json,56,49,876,1380.663215612,0.6111736757102927,,,334.3420658111572,0.6109515701263939
184,TFIM_square_obc_Jz=1.0_hx=8.0_dt=0.3_n_trotter_steps=12_Lx=8_Ly=7.json,56,70,1164,oom,oom,10610.137240886688,nan,947.0724844932556,0.05775822556085824
185,TFIM_square_PBC_Jz=1.0_hx=8.0_dt=0.3_n_trotter_steps=8_Lx=8_Ly=7.json,56,129,896,oom,oom,11801.462140798569,nan,1030.8608782291412,0.011981914619304363
186,TFIM_honeycomb_obc_Jz=1.0_hx=1.5_dt=0.5_n_trotter_steps=2_Lx=4_Ly=7.json,56,9,146,49.303986735,0.9999910191676862,nan,nan,13.436887741088867,0.9999910166665701
187,TFIM_square_PBC_Jz=1.0_hx=4.0_dt=0.5_n_trotter_steps=12_Lx=8_Ly=7.json,56,193,1344,oom,oom,nan,nan,1640.5960285663605,3.8809490002348015e-17
188,XZ_honeycomb_obc_J=1_dt=0.5_n_trotter_steps=20_Lx=4_Ly=7.json,56,123,2993,oom,oom,14049.870505571365,nan,1250.6283354759216,1.7899502666031443e-17
189,TFIM_square_PBC_Jz=1.0_hx=2.0_dt=0.5_n_trotter_steps=18_Lx=8_Ly=7.json,56,289,2016,oom,oom,,,2502.2477567195892,5.709146380979728e-25
190,TFIM_square_obc_Jz=1.0_hx=2.0_dt=0.1_n_trotter_steps=16_Lx=8_Ly=7.json,56,90,1552,oom,oom,,,1182.946141242981,0.3347057189175187
191,TFIM_honeycomb_PBC_Jz=1.0_hx=3.0_dt=0.1_n_trotter_steps=10_Lx=4_Ly=7.json,56,41,840,oom,oom,12762.961285352707,nan,1012.8908936977386,0.4453251558391252
192,XZ_honeycomb_obc_J=1_dt=0.5_n_trotter_steps=6_Lx=4_Ly=7.json,56,39,949,1370.652406509,0.00031075501151209034,4131.716896533966,nan,375.90144419670105,0.0003043175792224861
193,XZ_square_PBC_J=1_dt=0.1_n_trotter_steps=8_Lx=8_Ly=7.json,56,255,1904,oom,oom,,,2241.7489035129547,0.2808689100514622
194,TFIM_honeycomb_PBC_Jz=1.0_hx=1.5_dt=0.1_n_trotter_steps=10_Lx=4_Ly=7.json,56,41,840,oom,oom,13199.292396306992,nan,946.5014369487762,0.6176282967132022
195,TFIM_square_PBC_Jz=1.0_hx=2.0_dt=0.1_n_trotter_steps=12_Lx=8_Ly=7.json,56,193,1344,oom,oom,,,1523.8489336967468,0.19469386025812233
196,TFIM_square_obc_Jz=1.0_hx=2.0_dt=0.3_n_trotter_steps=4_Lx=8_Ly=7.json,56,30,388,916.588961978,0.8986506993618575,2559.7938368320465,nan,219.04533195495605,0.8986365852178715
197,TFIM_square_obc_Jz=1.0_hx=2.0_dt=0.3_n_trotter_steps=6_Lx=8_Ly=7.json,56,40,582,1877.20009784,0.4267541891008387,4794.5346620082855,nan,428.84861874580383,0.42716970721919134
198,TFIM_square_obc_Jz=1.0_hx=8.0_dt=0.5_n_trotter_steps=6_Lx=8_Ly=7.json,56,40,582,1903.256749851,4.853159662786415e-06,5033.592500448227,nan,455.2188971042633,4.8787446193557155e-06
199,TFIM_square_obc_Jz=1.0_hx=2.0_dt=0.1_n_trotter_steps=2_Lx=8_Ly=7.json,56,20,194,107.867287515,0.9999999999997842,,,51.93443942070007,0.9999999999998506
200,TFIM_square_obc_Jz=1.0_hx=2.0_dt=0.5_n_trotter_steps=8_Lx=8_Ly=7.json,56,50,776,2555.080846603,2.1758122551144007e-07,6864.82213640213,nan,598.4152295589447,2.0431931769188407e-07
201,XZ_honeycomb_obc_J=1_dt=0.3_n_trotter_steps=10_Lx=4_Ly=7.json,56,63,1533,2260.128130641,0.39632629928157403,6802.589232683182,nan,590.5152838230133,0.39668824862643404
202,XZ_honeycomb_PBC_J=1_dt=0.3_n_trotter_steps=16_Lx=4_Ly=7.json,56,99,2772,oom,oom,,,3325.35817193985,0.0008880017375891193
203,TFIM_honeycomb_obc_Jz=1.0_hx=3.0_dt=0.3_n_trotter_steps=8_Lx=4_Ly=7.json,56,33,584,856.241989416,0.8497896599553508,2274.8709037303925,nan,210.04791402816772,0.8498168467436467
204,TFIM_honeycomb_PBC_Jz=1.0_hx=1.5_dt=0.3_n_trotter_steps=8_Lx=4_Ly=7.json,56,33,672,oom,oom,10856.42140841484,nan,877.1208579540253,0.14586871271185656
205,TFIM_honeycomb_PBC_Jz=1.0_hx=1.5_dt=0.1_n_trotter_steps=8_Lx=4_Ly=7.json,56,33,672,oom,oom,10512.559110879898,nan,749.6600134372711,0.8284412718803993
206,XZ_square_PBC_J=1_dt=0.5_n_trotter_steps=10_Lx=8_Ly=7.json,56,315,2352,oom,oom,,,2866.551773071289,6.963567394530029e-50
207,TFIM_honeycomb_PBC_Jz=1.0_hx=3.0_dt=0.5_n_trotter_steps=18_Lx=4_Ly=7.json,56,73,1512,oom,oom,,,1811.7549221515656,5.991014567445069e-07
208,TFIM_honeycomb_PBC_Jz=1.0_hx=6.0_dt=0.3_n_trotter_steps=18_Lx=4_Ly=7.json,56,73,1512,oom,oom,nan,nan,1849.5588955879211,1.0440141315899108e-10
209,TFIM_honeycomb_PBC_Jz=1.0_hx=3.0_dt=0.3_n_trotter_steps=12_Lx=4_Ly=7.json,56,49,1008,oom,oom,,,1278.7873549461365,0.031044216230775325
210,TFIM_square_obc_Jz=1.0_hx=2.0_dt=0.5_n_trotter_steps=4_Lx=8_Ly=7.json,56,30,388,922.236125186,0.001053323964414062,,,233.42413711547852,0.0011106265739933357
211,TFIM_square_PBC_Jz=1.0_hx=2.0_dt=0.3_n_trotter_steps=2_Lx=8_Ly=7.json,56,33,224,887.432459397,0.8727472386850806,2693.8521914482117,nan,214.86017417907715,0.8729469845622184
212,TFIM_honeycomb_obc_Jz=1.0_hx=1.5_dt=0.3_n_trotter_steps=16_Lx=4_Ly=7.json,56,65,1168,1838.598488204,0.31055728524246157,5260.700871706009,nan,445.3500521183014,0.31055854886565526
213,XZ_honeycomb_PBC_J=1_dt=0.3_n_trotter_steps=20_Lx=4_Ly=7.json,56,123,3444,oom,oom,,,4057.315055370331,0.0002728722583118272
214,TFIM_square_obc_Jz=1.0_hx=4.0_dt=0.3_n_trotter_steps=8_Lx=8_Ly=7.json,56,50,776,2495.616732906,5.828701388402638e-07,6778.434561491013,nan,611.0410432815552,6.075714656910582e-07
215,TFIM_honeycomb_obc_Jz=1.0_hx=6.0_dt=0.3_n_trotter_steps=2_Lx=4_Ly=7.json,56,9,146,48.973529081,0.9999999998878824,106.14010071754456,nan,12.63715410232544,0.9999999998880564
216,TFIM_square_obc_Jz=1.0_hx=4.0_dt=0.5_n_trotter_steps=12_Lx=8_Ly=7.json,56,70,1164,oom,oom,11004.335344791412,nan,977.1353209018707,1.691538400560994e-08
217,TFIM_honeycomb_PBC_Jz=1.0_hx=1.5_dt=0.1_n_trotter_steps=20_Lx=4_Ly=7.json,56,81,1680,oom,oom,,,1923.9364261627197,0.15556711619336494
218,TFIM_honeycomb_obc_Jz=1.0_hx=6.0_dt=0.1_n_trotter_steps=2_Lx=4_Ly=7.json,56,9,146,34.698891064,0.9999999999999745,,,8.617575407028198,0.9999999999999847
219,TFIM_square_PBC_Jz=1.0_hx=8.0_dt=0.1_n_trotter_steps=8_Lx=8_Ly=7.json,56,129,896,oom,oom,,,993.4544789791107,0.6099988340253875
220,XZ_honeycomb_obc_J=1_dt=0.5_n_trotter_steps=18_Lx=4_Ly=7.json,56,111,2701,oom,oom,12924.363568782806,nan,1134.4128787517548,1.2909855166786042e-15
221,TFIM_honeycomb_obc_Jz=1.0_hx=6.0_dt=0.5_n_trotter_steps=20_Lx=4_Ly=7.json,56,81,1460,2139.889135196,0.9999999989392101,,,522.4943153858185,0.9999999989368058
222,XZ_square_obc_J=1_dt=0.1_n_trotter_steps=20_Lx=8_Ly=7.json,56,173,3977,oom,oom,,,3289.3646981716156,0.18245459680285947
223,XZ_square_PBC_J=1_dt=0.3_n_trotter_steps=14_Lx=8_Ly=7.json,56,435,3248,oom,oom,,,4061.0412590503693,6.435203053106198e-11
224,XZ_square_PBC_J=1_dt=0.1_n_trotter_steps=16_Lx=8_Ly=7.json,56,495,3696,oom,oom,,,4473.076700687408,0.06841015780020772
225,TFIM_honeycomb_obc_Jz=1.0_hx=6.0_dt=0.1_n_trotter_steps=10_Lx=4_Ly=7.json,56,41,730,1002.001346917,0.9997474837272355,,,232.67238450050354,0.9997476800053183
226,TFIM_honeycomb_obc_Jz=1.0_hx=1.5_dt=0.1_n_trotter_steps=20_Lx=4_Ly=7.json,56,81,1460,1903.35506701,0.8628909504890585,6489.504291772842,nan,503.8735029697418,0.8628288071629289
227,TFIM_honeycomb_obc_Jz=1.0_hx=1.5_dt=0.1_n_trotter_steps=12_Lx=4_Ly=7.json,56,49,876,931.44332584,0.9998502628218948,3498.7004568576813,nan,260.91178846359253,0.9998501594862077
228,TFIM_square_obc_Jz=1.0_hx=8.0_dt=0.5_n_trotter_steps=10_Lx=8_Ly=7.json,56,60,970,oom,oom,8940.295709848404,nan,806.9657003879547,2.7653552539893736e-09
229,XZ_square_obc_J=1_dt=0.1_n_trotter_steps=14_Lx=8_Ly=7.json,56,125,2813,oom,oom,,,2291.7910573482513,0.2968982626001428
230,TFIM_honeycomb_PBC_Jz=1.0_hx=6.0_dt=0.1_n_trotter_steps=12_Lx=4_Ly=7.json,56,49,1008,oom,oom,,,1202.7229998111725,0.4813898232352445
231,XZ_honeycomb_obc_J=1_dt=0.1_n_trotter_steps=12_Lx=4_Ly=7.json,56,75,1825,2544.288221204,0.8347868345027576,8202.847139835358,nan,651.4400000572205,0.8347616625138
232,TFIM_square_obc_Jz=1.0_hx=4.0_dt=0.3_n_trotter_steps=6_Lx=8_Ly=7.json,56,40,582,1837.020720218,6.955434083490367e-05,5004.811986684799,nan,438.55019068717957,7.236231289924022e-05
233,TFIM_honeycomb_PBC_Jz=1.0_hx=1.5_dt=0.3_n_trotter_steps=16_Lx=4_Ly=7.json,56,65,1344,oom,oom,,,1627.2490253448486,0.10373733757538205
234,TFIM_honeycomb_obc_Jz=1.0_hx=3.0_dt=0.5_n_trotter_steps=4_Lx=4_Ly=7.json,56,17,292,271.741557011,0.9999890004012358,,,65.49296736717224,0.9999889801599521
235,TFIM_honeycomb_obc_Jz=1.0_hx=1.5_dt=0.5_n_trotter_steps=16_Lx=4_Ly=7.json,56,65,1168,1816.359406591,0.00023788120225635216,5144.897221565247,nan,471.32282423973083,0.00023486476236781167
236,TFIM_honeycomb_PBC_Jz=1.0_hx=6.0_dt=0.1_n_trotter_steps=2_Lx=4_Ly=7.json,56,9,168,941.559149555,0.994093208531241,2640.9042994976044,nan,162.8269748687744,0.9940922199729746
237,TFIM_honeycomb_PBC_Jz=1.0_hx=3.0_dt=0.5_n_trotter_steps=12_Lx=4_Ly=7.json,56,49,1008,oom,oom,nan,nan,1265.9708647727966,9.102127613531983e-07
238,XZ_square_PBC_J=1_dt=0.1_n_trotter_steps=4_Lx=8_Ly=7.json,56,135,1008,oom,oom,13746.208258152008,nan,1075.51598238945,0.5767800658428692
239,TFIM_honeycomb_obc_Jz=1.0_hx=6.0_dt=0.5_n_trotter_steps=10_Lx=4_Ly=7.json,56,41,730,893.30755446,0.9999999999742348,2930.163373231888,nan,237.4184467792511,0.9999999999735232
240,TFIM_honeycomb_PBC_Jz=1.0_hx=6.0_dt=0.3_n_trotter_steps=8_Lx=4_Ly=7.json,56,33,672,oom,oom,nan,nan,903.3836421966553,3.326058162867684e-07
241,TFIM_square_PBC_Jz=1.0_hx=4.0_dt=0.1_n_trotter_steps=8_Lx=8_Ly=7.json,56,129,896,oom,oom,,,950.0562915802002,0.47987688951887303
242,XZ_honeycomb_PBC_J=1_dt=0.3_n_trotter_steps=2_Lx=4_Ly=7.json,56,15,420,2528.950321279,0.2755506683168732,,,608.3067183494568,0.27638469553810546
243,XZ_square_PBC_J=1_dt=0.1_n_trotter_steps=6_Lx=8_Ly=7.json,56,195,1456,oom,oom,,,1645.928816318512,0.37445348019035873
244,TFIM_honeycomb_PBC_Jz=1.0_hx=3.0_dt=0.1_n_trotter_steps=2_Lx=4_Ly=7.json,56,9,168,880.791565623,0.9998554211658164,,,151.17847728729248,0.9998552001702965
245,TFIM_square_PBC_Jz=1.0_hx=2.0_dt=0.3_n_trotter_steps=10_Lx=8_Ly=7.json,56,161,1120,oom,oom,,,1314.8643999099731,0.10776773957896585
246,TFIM_honeycomb_PBC_Jz=1.0_hx=1.5_dt=0.1_n_trotter_steps=4_Lx=4_Ly=7.json,56,17,336,1886.638060353,0.9978437959446735,,,352.09848618507385,0.9978449722906512
247,TFIM_honeycomb_PBC_Jz=1.0_hx=3.0_dt=0.3_n_trotter_steps=2_Lx=4_Ly=7.json,56,9,168,938.399816618,0.6956185580611228,,,206.49079418182373,0.6958732883076707
248,TFIM_square_obc_Jz=1.0_hx=4.0_dt=0.3_n_trotter_steps=2_Lx=8_Ly=7.json,56,20,194,253.059021096,0.9782463962304359,967.8889474868774,nan,81.01218223571777,0.9783455549407881
249,TFIM_honeycomb_PBC_Jz=1.0_hx=3.0_dt=0.1_n_trotter_steps=14_Lx=4_Ly=7.json,56,57,1176,oom,oom,,,1374.552745103836,0.3334458267669582
250,TFIM_square_PBC_Jz=1.0_hx=2.0_dt=0.1_n_trotter_steps=16_Lx=8_Ly=7.json,56,257,1792,oom,oom,,,2101.816606760025,0.1313573633262796
251,TFIM_square_obc_Jz=1.0_hx=4.0_dt=0.1_n_trotter_steps=16_Lx=8_Ly=7.json,56,90,1552,oom,oom,,,1211.5578825473785,0.5471265901216089
252,TFIM_square_PBC_Jz=1.0_hx=8.0_dt=0.1_n_trotter_steps=10_Lx=8_Ly=7.json,56,161,1120,oom,oom,,,1273.7345714569092,0.4781825187721917
253,TFIM_square_PBC_Jz=1.0_hx=4.0_dt=0.3_n_trotter_steps=14_Lx=8_Ly=7.json,56,225,1568,oom,oom,,,1875.1528508663177,7.931827369074631e-19
254,TFIM_honeycomb_PBC_Jz=1.0_hx=3.0_dt=0.3_n_trotter_steps=20_Lx=4_Ly=7.json,56,81,1680,oom,oom,,,2095.0352392196655,0.0036399451824638955
255,XZ_honeycomb_obc_J=1_dt=0.5_n_trotter_steps=14_Lx=4_Ly=7.json,56,87,2117,oom,oom,,,876.7933311462402,7.249183994490173e-12
256,TFIM_honeycomb_PBC_Jz=1.0_hx=1.5_dt=0.1_n_trotter_steps=14_Lx=4_Ly=7.json,56,57,1176,oom,oom,,,1296.825701713562,0.35939053393456516
257,TFIM_honeycomb_obc_Jz=1.0_hx=3.0_dt=0.5_n_trotter_steps=6_Lx=4_Ly=7.json,56,25,438,555.247826549,0.9999476913951114,,,126.60634326934814,0.9999476449142402
258,XZ_square_obc_J=1_dt=0.5_n_trotter_steps=2_Lx=8_Ly=7.json,56,29,485,1237.026894209,0.0006533496526690787,,,317.85052728652954,0.0006654780026215372
259,TFIM_square_PBC_Jz=1.0_hx=4.0_dt=0.3_n_trotter_steps=2_Lx=8_Ly=7.json,56,33,224,911.378290701,0.2455613901835549,,,227.48885345458984,0.2460352245273246
260,TFIM_square_obc_Jz=1.0_hx=4.0_dt=0.3_n_trotter_steps=12_Lx=8_Ly=7.json,56,70,1164,oom,oom,,,993.0833926200867,9.509382802155775e-12
261,TFIM_honeycomb_PBC_Jz=1.0_hx=1.5_dt=0.3_n_trotter_steps=10_Lx=4_Ly=7.json,56,41,840,oom,oom,12823.673985242844,nan,1071.896499156952,0.12891635080246197
262,TFIM_honeycomb_PBC_Jz=1.0_hx=1.5_dt=0.1_n_trotter_steps=6_Lx=4_Ly=7.json,56,25,504,2850.612477623,0.9052450785778398,,,590.4549400806427,0.905320466064405
263,XZ_honeycomb_obc_J=1_dt=0.1_n_trotter_steps=16_Lx=4_Ly=7.json,56,99,2409,oom,oom,,,902.7717456817627,0.651158955937683
264,XZ_honeycomb_obc_J=1_dt=0.5_n_trotter_steps=8_Lx=4_Ly=7.json,56,51,1241,1822.945125148,2.9283017961617186e-06,,,487.9320259094238,2.8081400323885054e-06
265,TFIM_square_PBC_Jz=1.0_hx=4.0_dt=0.1_n_trotter_steps=16_Lx=8_Ly=7.json,56,257,1792,oom,oom,,,2126.428653240204,0.21063179863690232
266,XZ_square_obc_J=1_dt=0.5_n_trotter_steps=4_Lx=8_Ly=7.json,56,45,873,oom,oom,7750.2223489284515,nan,694.809779882431,1.4620397330805936e-10
267,TFIM_honeycomb_PBC_Jz=1.0_hx=6.0_dt=0.3_n_trotter_steps=10_Lx=4_Ly=7.json,56,41,840,oom,oom,nan,nan,1112.9998407363892,5.850791100336116e-09
268,XZ_honeycomb_PBC_J=1_dt=0.1_n_trotter_steps=8_Lx=4_Ly=7.json,56,51,1428,oom,oom,,,1616.0654621124268,0.3700393291857207
269,TFIM_square_obc_Jz=1.0_hx=8.0_dt=0.3_n_trotter_steps=2_Lx=8_Ly=7.json,56,20,194,261.056680089,0.9954833009712624,,,76.70586323738098,0.9954945768657459
270,TFIM_honeycomb_obc_Jz=1.0_hx=6.0_dt=0.5_n_trotter_steps=4_Lx=4_Ly=7.json,56,17,292,146.351852156,0.9999999999998348,,,58.070181369781494,0.9999999999997591
271,TFIM_square_obc_Jz=1.0_hx=4.0_dt=0.5_n_trotter_steps=16_Lx=8_Ly=7.json,56,90,1552,oom,oom,13923.529063463211,nan,1291.3024306297302,1.7447991703172672e-09
272,TFIM_square_obc_Jz=1.0_hx=4.0_dt=0.3_n_trotter_steps=4_Lx=8_Ly=7.json,56,30,388,926.022242299,0.2728879516518316,,,225.34267854690552,0.27478983341021307
273,TFIM_honeycomb_PBC_Jz=1.0_hx=3.0_dt=0.3_n_trotter_steps=10_Lx=4_Ly=7.json,56,41,840,oom,oom,,,1115.6089227199554,0.04804177877116279
274,TFIM_honeycomb_PBC_Jz=1.0_hx=1.5_dt=0.1_n_trotter_steps=16_Lx=4_Ly=7.json,56,65,1344,oom,oom,,,1493.0463387966156,0.26882407155842597
275,TFIM_square_obc_Jz=1.0_hx=2.0_dt=0.1_n_trotter_steps=20_Lx=8_Ly=7.json,56,110,1940,oom,oom,,,1564.6211721897125,0.15946817138911112
276,TFIM_square_obc_Jz=1.0_hx=2.0_dt=0.3_n_trotter_steps=20_Lx=8_Ly=7.json,56,110,1940,oom,oom,,,1619.5441830158234,0.013445269512176488
277,TFIM_square_obc_Jz=1.0_hx=4.0_dt=0.1_n_trotter_steps=14_Lx=8_Ly=7.json,56,80,1358,oom,oom,,,1046.889104604721,0.6348074367288538
278,TFIM_honeycomb_obc_Jz=1.0_hx=3.0_dt=0.3_n_trotter_steps=14_Lx=4_Ly=7.json,56,57,1022,1592.512710167,0.49865514444639053,4532.006773233414,nan,399.9770710468292,0.4983673292931155
279,TFIM_square_obc_Jz=1.0_hx=2.0_dt=0.5_n_trotter_steps=18_Lx=8_Ly=7.json,56,100,1746,oom,oom,,,1466.0656297206879,6.982036316591697e-13
280,TFIM_square_obc_Jz=1.0_hx=4.0_dt=0.5_n_trotter_steps=6_Lx=8_Ly=7.json,56,40,582,1893.208140724,6.545305111507798e-06,5044.308941364288,nan,446.7061221599579,6.578187928969094e-06
281,TFIM_honeycomb_PBC_Jz=1.0_hx=6.0_dt=0.1_n_trotter_steps=8_Lx=4_Ly=7.json,56,33,672,oom,oom,,,825.8843815326691,0.6713908948790975
282,TFIM_honeycomb_obc_Jz=1.0_hx=6.0_dt=0.5_n_trotter_steps=8_Lx=4_Ly=7.json,56,33,584,682.494004174,0.9999999999898177,,,183.6836977005005,0.9999999999892966
283,TFIM_honeycomb_PBC_Jz=1.0_hx=1.5_dt=0.3_n_trotter_steps=6_Lx=4_Ly=7.json,56,25,504,oom,oom,8543.003245830536,nan,710.9315481185913,0.1699376593014423
284,XZ_square_obc_J=1_dt=0.1_n_trotter_steps=16_Lx=8_Ly=7.json,56,141,3201,oom,oom,,,2594.569901943207,0.24222241202793054
285,TFIM_square_PBC_Jz=1.0_hx=8.0_dt=0.5_n_trotter_steps=2_Lx=8_Ly=7.json,56,33,224,844.331075308,0.008809534897729043,nan,nan,220.93988871574402,0.008634007771573504
286,TFIM_square_PBC_Jz=1.0_hx=2.0_dt=0.1_n_trotter_steps=8_Lx=8_Ly=7.json,56,129,896,oom,oom,,,912.3617181777954,0.46864746269463287
287,XZ_honeycomb_obc_J=1_dt=0.1_n_trotter_steps=8_Lx=4_Ly=7.json,56,51,1241,1733.092686825,0.9724902638143079,,,423.1861801147461,0.9724691356977944
288,XZ_honeycomb_PBC_J=1_dt=0.3_n_trotter_steps=10_Lx=4_Ly=7.json,56,63,1764,oom,oom,,,2122.1170938014984,0.006535060989489718
289,TFIM_square_PBC_Jz=1.0_hx=4.0_dt=0.5_n_trotter_steps=8_Lx=8_Ly=7.json,56,129,896,oom,oom,nan,nan,1031.2493131160736,1.8877315724219356e-14
290,XZ_honeycomb_obc_J=1_dt=0.5_n_trotter_steps=2_Lx=4_Ly=7.json,56,15,365,429.32681146,0.662697467201226,,,116.71536207199097,0.6622894655454515
291,TFIM_square_obc_Jz=1.0_hx=2.0_dt=0.1_n_trotter_steps=14_Lx=8_Ly=7.json,56,80,1358,oom,oom,,,1049.92662525177,0.47524641606261436
292,TFIM_square_obc_Jz=1.0_hx=2.0_dt=0.1_n_trotter_steps=4_Lx=8_Ly=7.json,56,30,388,700.916873489,0.9999975963656763,,,161.6438193321228,0.9999975939428168
293,TFIM_honeycomb_obc_Jz=1.0_hx=3.0_dt=0.1_n_trotter_steps=18_Lx=4_Ly=7.json,56,73,1314,1885.800610255,0.9262260903461808,,,471.31317591667175,0.926204632387468
294,TFIM_square_obc_Jz=1.0_hx=4.0_dt=0.3_n_trotter_steps=18_Lx=8_Ly=7.json,56,100,1746,oom,oom,,,1501.9563562870026,6.100050436408106e-16
295,TFIM_square_obc_Jz=1.0_hx=8.0_dt=0.1_n_trotter_steps=10_Lx=8_Ly=7.json,56,60,970,oom,oom,,,745.5190179347992,0.8430342278185868
296,TFIM_honeycomb_obc_Jz=1.0_hx=1.5_dt=0.3_n_trotter_steps=12_Lx=4_Ly=7.json,56,49,876,1323.906863197,0.5855489558664817,,,322.18246054649353,0.5854045691508809
297,XZ_square_obc_J=1_dt=0.3_n_trotter_steps=14_Lx=8_Ly=7.json,56,125,2813,oom,oom,,,2382.6206979751587,5.736219601214587e-05
298,TFIM_honeycomb_obc_Jz=1.0_hx=6.0_dt=0.3_n_trotter_steps=16_Lx=4_Ly=7.json,56,65,1168,1898.475355827,0.001137813409000543,,,457.6795697212219,0.001126928000128112
299,TFIM_honeycomb_obc_Jz=1.0_hx=6.0_dt=0.3_n_trotter_steps=4_Lx=4_Ly=7.json,56,17,292,271.671117492,0.9934566810651422,,,69.99163675308228,0.9934742005486409
300,TFIM_square_PBC_Jz=1.0_hx=2.0_dt=0.5_n_trotter_steps=10_Lx=8_Ly=7.json,56,161,1120,oom,oom,,,1332.0124287605286,1.7410691428691303e-16
301,TFIM_square_PBC_Jz=1.0_hx=4.0_dt=0.5_n_trotter_steps=14_Lx=8_Ly=7.json,56,225,1568,oom,oom,,,1838.4382498264313,2.750315456235782e-18
302,TFIM_honeycomb_obc_Jz=1.0_hx=1.5_dt=0.3_n_trotter_steps=2_Lx=4_Ly=7.json,56,9,146,42.42317687,0.9999999999998432,,,9.476739406585693,0.9999999999999636
303,XZ_honeycomb_PBC_J=1_dt=0.5_n_trotter_steps=18_Lx=4_Ly=7.json,56,111,3108,oom,oom,,,3681.6272547245026,2.6320262042101974e-36
304,TFIM_square_PBC_Jz=1.0_hx=4.0_dt=0.5_n_trotter_steps=2_Lx=8_Ly=7.json,56,33,224,915.369209169,0.000305565807443852,,,231.6242003440857,0.00031542386631094036
305,TFIM_honeycomb_obc_Jz=1.0_hx=1.5_dt=0.3_n_trotter_steps=4_Lx=4_Ly=7.json,56,17,292,273.918785893,0.9997270767928286,,,65.54810118675232,0.9997273930509647
306,TFIM_square_obc_Jz=1.0_hx=4.0_dt=0.1_n_trotter_steps=8_Lx=8_Ly=7.json,56,50,776,2410.532960728,0.9100681798940881,6526.219229221344,nan,542.2279975414276,0.9100899001225601
307,TFIM_square_PBC_Jz=1.0_hx=2.0_dt=0.3_n_trotter_steps=16_Lx=8_Ly=7.json,56,257,1792,oom,oom,,,2225.597294330597,0.05574284276555433
308,TFIM_square_PBC_Jz=1.0_hx=4.0_dt=0.1_n_trotter_steps=10_Lx=8_Ly=7.json,56,161,1120,oom,oom,,,1269.0594596862793,0.36398355847453334
309,XZ_square_PBC_J=1_dt=0.3_n_trotter_steps=6_Lx=8_Ly=7.json,56,195,1456,oom,oom,,,1719.176569700241,0.00010084593834424169
310,XZ_honeycomb_PBC_J=1_dt=0.3_n_trotter_steps=6_Lx=4_Ly=7.json,56,39,1092,oom,oom,,,1338.4528188705444,0.04317262732817634
311,TFIM_square_obc_Jz=1.0_hx=4.0_dt=0.5_n_trotter_steps=14_Lx=8_Ly=7.json,56,80,1358,oom,oom,,,1112.778446674347,5.1347469348323544e-09
312,TFIM_honeycomb_PBC_Jz=1.0_hx=1.5_dt=0.3_n_trotter_steps=12_Lx=4_Ly=7.json,56,49,1008,oom,oom,,,1237.8508803844452,0.11885447472616179
313,TFIM_honeycomb_obc_Jz=1.0_hx=1.5_dt=0.3_n_trotter_steps=6_Lx=4_Ly=7.json,56,25,438,557.048877257,0.9843860039086826,,,132.91586780548096,0.9843896654951125
314,TFIM_square_obc_Jz=1.0_hx=8.0_dt=0.3_n_trotter_steps=6_Lx=8_Ly=7.json,56,40,582,1891.35503915,0.37423093217555387,,,435.9584264755249,0.37500620575492677
315,TFIM_honeycomb_obc_Jz=1.0_hx=3.0_dt=0.5_n_trotter_steps=8_Lx=4_Ly=7.json,56,33,584,844.604506211,0.9999204474588186,,,190.9406054019928,0.9999204314057593
316,TFIM_honeycomb_PBC_Jz=1.0_hx=3.0_dt=0.5_n_trotter_steps=2_Lx=4_Ly=7.json,56,9,168,927.832833415,5.70597108647851e-05,nan,nan,208.91415882110596,5.1972736232931665e-05
317,XZ_square_obc_J=1_dt=0.5_n_trotter_steps=18_Lx=8_Ly=7.json,56,157,3589,oom,oom,,,3118.302696466446,8.580915287645942e-40
318,TFIM_square_PBC_Jz=1.0_hx=4.0_dt=0.1_n_trotter_steps=2_Lx=8_Ly=7.json,56,33,224,881.211338245,0.997985967711935,2746.401738882065,nan,168.29009819030762,0.9979912779785902
319,TFIM_square_PBC_Jz=1.0_hx=8.0_dt=0.3_n_trotter_steps=14_Lx=8_Ly=7.json,56,225,1568,oom,oom,,,1872.3534178733826,0.00025205800265838316
320,XZ_honeycomb_PBC_J=1_dt=0.1_n_trotter_steps=4_Lx=4_Ly=7.json,56,27,756,oom,oom,12016.885435581207,nan,892.9021134376526,0.6578881912029444
321,TFIM_square_PBC_Jz=1.0_hx=8.0_dt=0.1_n_trotter_steps=18_Lx=8_Ly=7.json,56,289,2016,oom,oom,,,2399.692682981491,0.2726450837416892
322,XZ_square_PBC_J=1_dt=0.3_n_trotter_steps=4_Lx=8_Ly=7.json,56,135,1008,oom,oom,,,1162.006441116333,0.0038019288447787175
323,TFIM_honeycomb_obc_Jz=1.0_hx=1.5_dt=0.1_n_trotter_steps=14_Lx=4_Ly=7.json,56,57,1022,1151.631426019,0.9963288567784693,4228.409817695618,nan,318.2700226306915,0.9963261205542798
324,TFIM_honeycomb_PBC_Jz=1.0_hx=1.5_dt=0.5_n_trotter_steps=10_Lx=4_Ly=7.json,56,41,840,oom,oom,,,1079.028974056244,0.0007106318140109942
325,TFIM_square_PBC_Jz=1.0_hx=8.0_dt=0.3_n_trotter_steps=12_Lx=8_Ly=7.json,56,193,1344,oom,oom,,,1621.4412984848022,0.0008241141348662132
326,TFIM_square_obc_Jz=1.0_hx=4.0_dt=0.5_n_trotter_steps=20_Lx=8_Ly=7.json,56,110,1940,oom,oom,,,1621.4486637115479,2.584246211358004e-10
327,TFIM_square_PBC_Jz=1.0_hx=2.0_dt=0.3_n_trotter_steps=14_Lx=8_Ly=7.json,56,225,1568,oom,oom,,,1887.8997099399567,0.06642643667499473
328,XZ_square_PBC_J=1_dt=0.3_n_trotter_steps=2_Lx=8_Ly=7.json,56,75,560,2434.022157295,0.15284847509641075,,,625.1338715553284,0.1535993083931641
329,TFIM_honeycomb_obc_Jz=1.0_hx=1.5_dt=0.3_n_trotter_steps=14_Lx=4_Ly=7.json,56,57,1022,1573.887405288,0.4335249075599333,,,390.18028497695923,0.4331879978894228
330,TFIM_square_PBC_Jz=1.0_hx=8.0_dt=0.3_n_trotter_steps=4_Lx=8_Ly=7.json,56,65,448,2062.555640634,0.14300830093701222,,,498.6755030155182,0.14378180855160222
331,TFIM_honeycomb_PBC_Jz=1.0_hx=6.0_dt=0.1_n_trotter_steps=14_Lx=4_Ly=7.json,56,57,1176,oom,oom,,,1383.5456857681274,0.42439445547103005
332,XZ_square_obc_J=1_dt=0.1_n_trotter_steps=10_Lx=8_Ly=7.json,56,93,2037,oom,oom,,,1630.2960169315338,0.46565677136789946
333,TFIM_square_obc_Jz=1.0_hx=8.0_dt=0.5_n_trotter_steps=14_Lx=8_Ly=7.json,56,80,1358,oom,oom,,,1118.0344579219818,1.996752189796576e-12
334,TFIM_square_PBC_Jz=1.0_hx=2.0_dt=0.5_n_trotter_steps=14_Lx=8_Ly=7.json,56,225,1568,oom,oom,,,1889.6136620044708,7.955828658446326e-21
335,XZ_square_obc_J=1_dt=0.3_n_trotter_steps=18_Lx=8_Ly=7.json,56,157,3589,oom,oom,,,3056.29896068573,3.6268657658546407e-06
336,TFIM_honeycomb_obc_Jz=1.0_hx=3.0_dt=0.1_n_trotter_steps=8_Lx=4_Ly=7.json,56,33,584,688.968239081,0.9999467129457832,,,166.54953527450562,0.9999466667628395
337,XZ_honeycomb_PBC_J=1_dt=0.1_n_trotter_steps=14_Lx=4_Ly=7.json,56,87,2436,oom,oom,,,2799.133857011795,0.1744668205604905
338,TFIM_square_obc_Jz=1.0_hx=2.0_dt=0.5_n_trotter_steps=16_Lx=8_Ly=7.json,56,90,1552,oom,oom,,,1266.9075260162354,5.686624778468677e-12
339,TFIM_square_obc_Jz=1.0_hx=2.0_dt=0.1_n_trotter_steps=12_Lx=8_Ly=7.json,56,70,1164,oom,oom,,,901.9183132648468,0.5794716884484766
340,TFIM_honeycomb_PBC_Jz=1.0_hx=6.0_dt=0.5_n_trotter_steps=20_Lx=4_Ly=7.json,56,81,1680,oom,oom,,,1883.7675607204437,0.9999984738901365
341,TFIM_square_PBC_Jz=1.0_hx=4.0_dt=0.5_n_trotter_steps=6_Lx=8_Ly=7.json,56,97,672,oom,oom,,,781.4512760639191,2.895482043844133e-12
342,TFIM_square_PBC_Jz=1.0_hx=2.0_dt=0.1_n_trotter_steps=18_Lx=8_Ly=7.json,56,289,2016,oom,oom,,,2344.6626505851746,0.1197786134766584
343,TFIM_honeycomb_obc_Jz=1.0_hx=1.5_dt=0.5_n_trotter_steps=4_Lx=4_Ly=7.json,56,17,292,286.653691466,0.7714858341689801,,,78.21297597885132,0.771047249749981
344,TFIM_square_obc_Jz=1.0_hx=8.0_dt=0.3_n_trotter_steps=10_Lx=8_Ly=7.json,56,60,970,oom,oom,,,766.3710508346558,0.10543450220030633
345,TFIM_honeycomb_PBC_Jz=1.0_hx=6.0_dt=0.3_n_trotter_steps=2_Lx=4_Ly=7.json,56,9,168,934.495055378,0.137233072770133,,,204.41349506378174,0.13784484438096184
346,TFIM_honeycomb_PBC_Jz=1.0_hx=6.0_dt=0.3_n_trotter_steps=12_Lx=4_Ly=7.json,56,49,1008,oom,oom,,,1264.8350629806519,9.83822418091085e-10
347,TFIM_honeycomb_PBC_Jz=1.0_hx=3.0_dt=0.1_n_trotter_steps=18_Lx=4_Ly=7.json,56,73,1512,oom,oom,,,1789.5052556991577,0.23205052103403254
348,XZ_square_PBC_J=1_dt=0.3_n_trotter_steps=12_Lx=8_Ly=7.json,56,375,2800,oom,oom,,,3469.59463262558,1.9375715934371954e-09
349,TFIM_square_obc_Jz=1.0_hx=4.0_dt=0.3_n_trotter_steps=14_Lx=8_Ly=7.json,56,80,1358,oom,oom,,,1134.4459626674652,1.6512280427967397e-13
350,TFIM_square_PBC_Jz=1.0_hx=4.0_dt=0.5_n_trotter_steps=10_Lx=8_Ly=7.json,56,161,1120,oom,oom,,,1319.8565261363983,7.084791833939075e-16
351,TFIM_square_PBC_Jz=1.0_hx=4.0_dt=0.3_n_trotter_steps=16_Lx=8_Ly=7.json,56,257,1792,oom,oom,,,2217.0691702365875,1.5060132515744326e-19
352,TFIM_square_obc_Jz=1.0_hx=8.0_dt=0.1_n_trotter_steps=6_Lx=8_Ly=7.json,56,40,582,1851.652723399,0.9670333606505371,,,404.52254605293274,0.9669671862505459
353,TFIM_square_obc_Jz=1.0_hx=2.0_dt=0.3_n_trotter_steps=14_Lx=8_Ly=7.json,56,80,1358,oom,oom,,,1119.308883190155,0.0341395234112978
354,TFIM_square_PBC_Jz=1.0_hx=8.0_dt=0.5_n_trotter_steps=20_Lx=8_Ly=7.json,56,321,2240,oom,oom,,,2732.9069697856903,4.453540579364333e-33
355,XZ_honeycomb_obc_J=1_dt=0.1_n_trotter_steps=14_Lx=4_Ly=7.json,56,87,2117,oom,oom,,,788.1753389835358,0.7522514185215577
356,TFIM_honeycomb_PBC_Jz=1.0_hx=1.5_dt=0.3_n_trotter_steps=2_Lx=4_Ly=7.json,56,9,168,906.884402156,0.9430916273350134,2623.606661081314,nan,174.62465596199036,0.9427113770879103
357,TFIM_honeycomb_PBC_Jz=1.0_hx=6.0_dt=0.5_n_trotter_steps=14_Lx=4_Ly=7.json,56,57,1176,oom,oom,,,1281.5773038864136,0.9999988469010592
358,TFIM_honeycomb_obc_Jz=1.0_hx=3.0_dt=0.1_n_trotter_steps=14_Lx=4_Ly=7.json,56,57,1022,1401.789128856,0.9887966564900992,4377.91624379158,nan,350.54122829437256,0.9887933481312347
359,TFIM_square_PBC_Jz=1.0_hx=8.0_dt=0.3_n_trotter_steps=2_Lx=8_Ly=7.json,56,33,224,912.450476531,0.6234650386909939,,,214.84367108345032,0.6246705531982085
360,TFIM_honeycomb_obc_Jz=1.0_hx=6.0_dt=0.1_n_trotter_steps=12_Lx=4_Ly=7.json,56,49,876,1270.209298861,0.9985879999687174,,,291.35478138923645,0.99858807309942
361,TFIM_honeycomb_PBC_Jz=1.0_hx=3.0_dt=0.5_n_trotter_steps=10_Lx=4_Ly=7.json,56,41,840,oom,oom,,,1064.5249400138855,1.1309714019381167e-06
362,TFIM_honeycomb_obc_Jz=1.0_hx=1.5_dt=0.1_n_trotter_steps=4_Lx=4_Ly=7.json,56,17,292,55.967553411,0.9999999999998541,,,43.22993302345276,0.9999999999998299
363,TFIM_honeycomb_obc_Jz=1.0_hx=1.5_dt=0.5_n_trotter_steps=8_Lx=4_Ly=7.json,56,33,584,851.180596413,0.06760262125029913,2321.8820040225983,nan,215.94025111198425,0.06788024137972315
364,TFIM_square_obc_Jz=1.0_hx=8.0_dt=0.1_n_trotter_steps=20_Lx=8_Ly=7.json,56,110,1940,oom,oom,,,1569.724173784256,0.5006280997978159
365,XZ_honeycomb_PBC_J=1_dt=0.3_n_trotter_steps=14_Lx=4_Ly=7.json,56,87,2436,oom,oom,,,2854.699845790863,0.0015263979890464522
366,XZ_honeycomb_PBC_J=1_dt=0.1_n_trotter_steps=20_Lx=4_Ly=7.json,56,123,3444,oom,oom,,,3976.4008781909943,0.09350330235833912
367,TFIM_honeycomb_PBC_Jz=1.0_hx=6.0_dt=0.5_n_trotter_steps=18_Lx=4_Ly=7.json,56,73,1512,oom,oom,,,1657.939552783966,0.999998590432688
368,TFIM_square_PBC_Jz=1.0_hx=2.0_dt=0.1_n_trotter_steps=6_Lx=8_Ly=7.json,56,97,672,2951.296514031,0.7295378360803049,,,662.7945652008057,0.7295952965144835
369,XZ_square_PBC_J=1_dt=0.5_n_trotter_steps=4_Lx=8_Ly=7.json,56,135,1008,oom,oom,13406.05638217926,nan,1159.9971680641174,1.2702833236349454e-25
370,TFIM_honeycomb_PBC_Jz=1.0_hx=6.0_dt=0.1_n_trotter_steps=20_Lx=4_Ly=7.json,56,81,1680,oom,oom,,,1984.2453544139862,0.27573943412513363
371,TFIM_square_PBC_Jz=1.0_hx=8.0_dt=0.5_n_trotter_steps=8_Lx=8_Ly=7.json,56,129,896,oom,oom,,,1050.2539987564087,2.9229553314806025e-15
372,TFIM_square_obc_Jz=1.0_hx=8.0_dt=0.3_n_trotter_steps=4_Lx=8_Ly=7.json,56,30,388,905.057165475,0.8167210964115521,,,219.0767469406128,0.817119479419062
373,TFIM_square_obc_Jz=1.0_hx=8.0_dt=0.5_n_trotter_steps=16_Lx=8_Ly=7.json,56,90,1552,oom,oom,,,1272.1814503669739,3.756534725750959e-14
374,TFIM_square_PBC_Jz=1.0_hx=4.0_dt=0.1_n_trotter_steps=20_Lx=8_Ly=7.json,56,321,2240,oom,oom,,,2673.099376440048,0.16002811171043865
375,TFIM_honeycomb_obc_Jz=1.0_hx=3.0_dt=0.5_n_trotter_steps=18_Lx=4_Ly=7.json,56,73,1314,2091.861085437,0.999457958764868,,,478.0093460083008,0.9994580678208965
376,XZ_honeycomb_obc_J=1_dt=0.3_n_trotter_steps=16_Lx=4_Ly=7.json,56,99,2409,oom,oom,,,956.2706944942474,0.20931258548061304
377,XZ_honeycomb_PBC_J=1_dt=0.3_n_trotter_steps=4_Lx=4_Ly=7.json,56,27,756,oom,oom,,,978.4409868717194,0.08840170240017071
378,XZ_square_obc_J=1_dt=0.5_n_trotter_steps=8_Lx=8_Ly=7.json,56,77,1649,oom,oom,,,1386.8441469669342,2.585561817079616e-20
379,XZ_honeycomb_obc_J=1_dt=0.5_n_trotter_steps=16_Lx=4_Ly=7.json,56,99,2409,oom,oom,,,1013.0536749362946,8.871388977273309e-14
380,TFIM_honeycomb_PBC_Jz=1.0_hx=3.0_dt=0.1_n_trotter_steps=4_Lx=4_Ly=7.json,56,17,336,2041.599924486,0.8648187211978866,,,392.66385650634766,0.8653300589259684
381,TFIM_honeycomb_obc_Jz=1.0_hx=6.0_dt=0.3_n_trotter_steps=10_Lx=4_Ly=7.json,56,41,730,1071.598703573,0.14209219551865765,,,262.2405457496643,0.14203973746907955
382,TFIM_square_PBC_Jz=1.0_hx=8.0_dt=0.5_n_trotter_steps=6_Lx=8_Ly=7.json,56,97,672,3139.584591872,3.2872900294191335e-12,,,784.3598628044128,2.962068549152823e-12
383,TFIM_honeycomb_PBC_Jz=1.0_hx=3.0_dt=0.3_n_trotter_steps=16_Lx=4_Ly=7.json,56,65,1344,oom,oom,,,1642.73273229599,0.012541420210337266
384,XZ_honeycomb_PBC_J=1_dt=0.5_n_trotter_steps=20_Lx=4_Ly=7.json,56,123,3444,oom,oom,,,4090.2581095695496,2.5923108647460134e-40
385,TFIM_honeycomb_PBC_Jz=1.0_hx=3.0_dt=0.1_n_trotter_steps=8_Lx=4_Ly=7.json,56,33,672,oom,oom,,,801.9853744506836,0.5768885460392612
386,TFIM_square_obc_Jz=1.0_hx=8.0_dt=0.1_n_trotter_steps=16_Lx=8_Ly=7.json,56,90,1552,oom,oom,14058.404048919678,nan,1218.778517484665,0.6406243625708713
387,TFIM_honeycomb_PBC_Jz=1.0_hx=1.5_dt=0.5_n_trotter_steps=6_Lx=4_Ly=7.json,56,25,504,oom,oom,,,755.4889938831329,0.0016671552335164967
388,TFIM_honeycomb_PBC_Jz=1.0_hx=6.0_dt=0.1_n_trotter_steps=16_Lx=4_Ly=7.json,56,65,1344,oom,oom,,,1592.0522937774658,0.3729753294709054
389,TFIM_honeycomb_obc_Jz=1.0_hx=6.0_dt=0.1_n_trotter_steps=18_Lx=4_Ly=7.json,56,73,1314,2026.048935546,0.9462773026890644,,,477.6069235801697,0.9462755365444477
390,TFIM_square_PBC_Jz=1.0_hx=8.0_dt=0.5_n_trotter_steps=4_Lx=8_Ly=7.json,56,65,448,1844.510731048,1.7263801277182742e-08,,,507.24398279190063,1.76684421226609e-08
391,TFIM_square_obc_Jz=1.0_hx=8.0_dt=0.1_n_trotter_steps=4_Lx=8_Ly=7.json,56,30,388,873.578617897,0.9997144309932213,,,195.24672651290894,0.9997145268482627
392,TFIM_square_PBC_Jz=1.0_hx=2.0_dt=0.3_n_trotter_steps=8_Lx=8_Ly=7.json,56,129,896,oom,oom,,,1009.2339398860931,0.1370672971714571
393,TFIM_honeycomb_PBC_Jz=1.0_hx=6.0_dt=0.5_n_trotter_steps=4_Lx=4_Ly=7.json,56,17,336,2032.615444889,0.9999996041360644,,,405.30594778060913,0.9999996066451974
394,TFIM_square_obc_Jz=1.0_hx=4.0_dt=0.5_n_trotter_steps=18_Lx=8_Ly=7.json,56,100,1746,oom,oom,,,1473.3301377296448,7.227809001923242e-10
395,XZ_honeycomb_obc_J=1_dt=0.3_n_trotter_steps=18_Lx=4_Ly=7.json,56,111,2701,oom,oom,,,1092.58975148201,0.1798471271782951
396,TFIM_honeycomb_PBC_Jz=1.0_hx=1.5_dt=0.5_n_trotter_steps=18_Lx=4_Ly=7.json,56,73,1512,oom,oom,,,1835.3446226119995,0.0004285755154474319
397,TFIM_square_PBC_Jz=1.0_hx=4.0_dt=0.5_n_trotter_steps=16_Lx=8_Ly=7.json,56,257,1792,oom,oom,nan,nan,2211.177811861038,3.459134672545456e-19
398,TFIM_square_PBC_Jz=1.0_hx=8.0_dt=0.1_n_trotter_steps=6_Lx=8_Ly=7.json,56,97,672,oom,oom,,,730.0631501674652,0.7563119045380828
399,TFIM_honeycomb_obc_Jz=1.0_hx=6.0_dt=0.1_n_trotter_steps=8_Lx=4_Ly=7.json,56,33,584,779.854371949,0.9999618119131325,,,177.12343740463257,0.9999618112059363
400,TFIM_honeycomb_obc_Jz=1.0_hx=1.5_dt=0.1_n_trotter_steps=6_Lx=4_Ly=7.json,56,25,438,223.90941069,0.9999999999938323,,,90.84581685066223,0.9999999999937581
401,TFIM_honeycomb_PBC_Jz=1.0_hx=3.0_dt=0.1_n_trotter_steps=12_Lx=4_Ly=7.json,56,49,1008,oom,oom,,,1162.047278881073,0.3803253873058802
402,XZ_square_obc_J=1_dt=0.3_n_trotter_steps=12_Lx=8_Ly=7.json,56,109,2425,oom,oom,,,2094.068875312805,0.00023741835923588963
403,TFIM_square_obc_Jz=1.0_hx=2.0_dt=0.1_n_trotter_steps=10_Lx=8_Ly=7.json,56,60,970,oom,oom,,,706.77592420578,0.7386529769935873
404,TFIM_honeycomb_PBC_Jz=1.0_hx=6.0_dt=0.5_n_trotter_steps=12_Lx=4_Ly=7.json,56,49,1008,oom,oom,,,1098.7563788890839,0.9999989227764147
405,TFIM_honeycomb_obc_Jz=1.0_hx=6.0_dt=0.1_n_trotter_steps=4_Lx=4_Ly=7.json,56,17,292,199.516924902,0.999999996583657,,,56.370155572891235,0.9999999966008495
406,TFIM_square_obc_Jz=1.0_hx=8.0_dt=0.5_n_trotter_steps=18_Lx=8_Ly=7.json,56,100,1746,oom,oom,,,1448.8778910636902,9.085237634720395e-16
407,XZ_square_obc_J=1_dt=0.3_n_trotter_steps=8_Lx=8_Ly=7.json,56,77,1649,oom,oom,,,1370.4408292770386,0.004749969829807082
408,XZ_square_PBC_J=1_dt=0.1_n_trotter_steps=12_Lx=8_Ly=7.json,56,375,2800,oom,oom,,,3384.442804813385,0.13714062444514302
409,TFIM_honeycomb_obc_Jz=1.0_hx=6.0_dt=0.5_n_trotter_steps=16_Lx=4_Ly=7.json,56,65,1168,1615.117000143,0.9999999996638753,,,415.9141683578491,0.9999999996623528
410,TFIM_honeycomb_PBC_Jz=1.0_hx=6.0_dt=0.5_n_trotter_steps=16_Lx=4_Ly=7.json,56,65,1344,oom,oom,,,1478.5144510269165,0.9999987558724965
411,TFIM_square_obc_Jz=1.0_hx=8.0_dt=0.1_n_trotter_steps=14_Lx=8_Ly=7.json,56,80,1358,oom,oom,,,1076.369205713272,0.7262146588334701
412,XZ_honeycomb_PBC_J=1_dt=0.5_n_trotter_steps=12_Lx=4_Ly=7.json,56,75,2100,oom,oom,,,2568.447773694992,1.243529281782922e-24
413,TFIM_honeycomb_PBC_Jz=1.0_hx=1.5_dt=0.3_n_trotter_steps=4_Lx=4_Ly=7.json,56,17,336,2067.081268804,0.35171000517401224,,,452.0967013835907,0.3520965622829615
414,TFIM_square_PBC_Jz=1.0_hx=4.0_dt=0.1_n_trotter_steps=12_Lx=8_Ly=7.json,56,193,1344,oom,oom,,,1552.0521216392517,0.28767692554948343
415,TFIM_square_PBC_Jz=1.0_hx=2.0_dt=0.3_n_trotter_steps=6_Lx=8_Ly=7.json,56,97,672,oom,oom,,,769.7835516929626,0.18307566072586695
416,TFIM_square_PBC_Jz=1.0_hx=2.0_dt=0.5_n_trotter_steps=2_Lx=8_Ly=7.json,56,33,224,893.607108888,0.0003448622772881434,,,226.0154836177826,0.0003494174586921163
417,TFIM_honeycomb_obc_Jz=1.0_hx=1.5_dt=0.1_n_trotter_steps=16_Lx=4_Ly=7.json,56,65,1168,1437.765247572,0.9771327869113239,,,383.05681896209717,0.9770960552819847
418,TFIM_honeycomb_PBC_Jz=1.0_hx=1.5_dt=0.5_n_trotter_steps=16_Lx=4_Ly=7.json,56,65,1344,oom,oom,,,1635.0922582149506,0.00047708883779857723
419,XZ_honeycomb_PBC_J=1_dt=0.5_n_trotter_steps=16_Lx=4_Ly=7.json,56,99,2772,oom,oom,,,3321.725773334503,2.1621860517693851e-32
420,XZ_square_obc_J=1_dt=0.3_n_trotter_steps=16_Lx=8_Ly=7.json,56,141,3201,oom,oom,,,2751.97798037529,1.3506163020987367e-05
421,TFIM_square_obc_Jz=1.0_hx=4.0_dt=0.5_n_trotter_steps=4_Lx=8_Ly=7.json,56,30,388,895.929705886,0.0034851379567821866,,,245.75410270690918,0.0035105960326812335
422,XZ_square_PBC_J=1_dt=0.1_n_trotter_steps=10_Lx=8_Ly=7.json,56,315,2352,oom,oom,,,2759.9814291000366,0.2097970311462895
423,TFIM_honeycomb_obc_Jz=1.0_hx=3.0_dt=0.5_n_trotter_steps=20_Lx=4_Ly=7.json,56,81,1460,2306.040839435,0.9992121668072284,,,538.7601416110992,0.9992120303175478
424,XZ_square_PBC_J=1_dt=0.5_n_trotter_steps=20_Lx=8_Ly=7.json,56,615,4592,oom,oom,,,5682.923146009445,3.4149878302058656e-81
425,TFIM_square_PBC_Jz=1.0_hx=8.0_dt=0.5_n_trotter_steps=12_Lx=8_Ly=7.json,56,193,1344,oom,oom,,,1624.3870794773102,3.676705164852391e-21
426,TFIM_square_obc_Jz=1.0_hx=8.0_dt=0.3_n_trotter_steps=18_Lx=8_Ly=7.json,56,100,1746,oom,oom,,,1453.1345422267914,0.013832776575824638
427,TFIM_honeycomb_PBC_Jz=1.0_hx=1.5_dt=0.1_n_trotter_steps=2_Lx=4_Ly=7.json,56,9,168,800.763676182,0.999999890732536,2553.9703528881073,nan,152.77863025665283,0.9999998923358416
428,TFIM_honeycomb_obc_Jz=1.0_hx=1.5_dt=0.3_n_trotter_steps=20_Lx=4_Ly=7.json,56,81,1460,2276.138407161,0.17286793003913664,,,571.9466109275818,0.17319874821473907
429,XZ_honeycomb_obc_J=1_dt=0.3_n_trotter_steps=4_Lx=4_Ly=7.json,56,27,657,950.687332318,0.9024472741198172,,,235.44625687599182,0.9024392486566523
430,TFIM_square_obc_Jz=1.0_hx=4.0_dt=0.1_n_trotter_steps=6_Lx=8_Ly=7.json,56,40,582,1787.915476143,0.947507477595106,,,389.0872139930725,0.9475154903664952
431,TFIM_honeycomb_obc_Jz=1.0_hx=1.5_dt=0.1_n_trotter_steps=18_Lx=4_Ly=7.json,56,73,1314,1644.880079092,0.9243759631935186,,,449.32737159729004,0.9242574828032688
432,TFIM_square_PBC_Jz=1.0_hx=8.0_dt=0.1_n_trotter_steps=20_Lx=8_Ly=7.json,56,321,2240,oom,oom,,,2688.7889783382416,0.24093409485232176
433,TFIM_square_obc_Jz=1.0_hx=8.0_dt=0.1_n_trotter_steps=2_Lx=8_Ly=7.json,56,20,194,238.436739771,0.9999997599305385,,,63.79137873649597,0.9999997603019238
434,XZ_honeycomb_PBC_J=1_dt=0.1_n_trotter_steps=18_Lx=4_Ly=7.json,56,111,3108,oom,oom,,,3522.2656264305115,0.11854694582228491
435,TFIM_honeycomb_PBC_Jz=1.0_hx=3.0_dt=0.5_n_trotter_steps=4_Lx=4_Ly=7.json,56,17,336,2095.344774195,9.800805453520862e-06,,,481.27391934394836,8.70322310041032e-06
436,XZ_square_PBC_J=1_dt=0.5_n_trotter_steps=14_Lx=8_Ly=7.json,56,435,3248,oom,oom,,,4026.379528284073,4.9769642873606e-62
437,XZ_square_PBC_J=1_dt=0.5_n_trotter_steps=12_Lx=8_Ly=7.json,56,375,2800,oom,oom,,,3421.870994567871,3.3046376867892996e-54
438,TFIM_square_PBC_Jz=1.0_hx=8.0_dt=0.1_n_trotter_steps=14_Lx=8_Ly=7.json,56,225,1568,oom,oom,,,1852.2311480045319,0.3505960343547056
439,TFIM_square_PBC_Jz=1.0_hx=2.0_dt=0.3_n_trotter_steps=12_Lx=8_Ly=7.json,56,193,1344,oom,oom,,,1601.393488407135,0.08540799819565414
440,XZ_square_obc_J=1_dt=0.3_n_trotter_steps=10_Lx=8_Ly=7.json,56,93,2037,oom,oom,,,1690.985042333603,0.0009664272985749339
441,TFIM_square_PBC_Jz=1.0_hx=8.0_dt=0.3_n_trotter_steps=18_Lx=8_Ly=7.json,56,289,2016,oom,oom,,,2502.9346203804016,1.8166218210994086e-05
442,TFIM_honeycomb_PBC_Jz=1.0_hx=3.0_dt=0.3_n_trotter_steps=8_Lx=4_Ly=7.json,56,33,672,oom,oom,,,928.0484192371368,0.07705721999910452
443,XZ_square_obc_J=1_dt=0.3_n_trotter_steps=6_Lx=8_Ly=7.json,56,61,1261,oom,oom,,,1032.233094215393,0.02660731187592916
444,XZ_square_PBC_J=1_dt=0.3_n_trotter_steps=16_Lx=8_Ly=7.json,56,495,3696,oom,oom,,,4544.249393224716,1.932215384446163e-12
445,TFIM_square_obc_Jz=1.0_hx=2.0_dt=0.1_n_trotter_steps=6_Lx=8_Ly=7.json,56,40,582,1598.272413547,0.9605187314830894,,,359.28814792633057,0.9604240252641051
446,TFIM_square_PBC_Jz=1.0_hx=8.0_dt=0.5_n_trotter_steps=18_Lx=8_Ly=7.json,56,289,2016,oom,oom,,,2507.4620599746704,3.1023527851746184e-30
447,TFIM_honeycomb_PBC_Jz=1.0_hx=3.0_dt=0.1_n_trotter_steps=6_Lx=4_Ly=7.json,56,25,504,oom,oom,,,636.9256072044373,0.6261225488537084
448,TFIM_honeycomb_PBC_Jz=1.0_hx=1.5_dt=0.5_n_trotter_steps=2_Lx=4_Ly=7.json,56,9,168,943.331610236,0.2501807649407288,,,201.4004831314087,0.25045426105093016
449,TFIM_honeycomb_obc_Jz=1.0_hx=3.0_dt=0.3_n_trotter_steps=16_Lx=4_Ly=7.json,56,65,1168,1863.762895716,0.40615585772934737,,,457.27256631851196,0.40574812682212774
450,XZ_square_PBC_J=1_dt=0.3_n_trotter_steps=10_Lx=8_Ly=7.json,56,315,2352,oom,oom,,,2869.5846383571625,7.886885235687393e-08
451,TFIM_square_PBC_Jz=1.0_hx=2.0_dt=0.5_n_trotter_steps=16_Lx=8_Ly=7.json,56,257,1792,oom,oom,,,2245.6520490646362,1.1784931263267714e-22
452,TFIM_square_obc_Jz=1.0_hx=8.0_dt=0.5_n_trotter_steps=4_Lx=8_Ly=7.json,56,30,388,933.821610632,0.002505227395828488,,,227.75287890434265,0.0024753346744872166
453,TFIM_square_PBC_Jz=1.0_hx=2.0_dt=0.5_n_trotter_steps=20_Lx=8_Ly=7.json,56,321,2240,oom,oom,,,2765.9859807491302,1.0720570173514319e-26
454,TFIM_honeycomb_obc_Jz=1.0_hx=6.0_dt=0.1_n_trotter_steps=16_Lx=4_Ly=7.json,56,65,1168,1767.480259548,0.9771538012320452,,,416.63062047958374,0.9771250030175489
455,XZ_honeycomb_PBC_J=1_dt=0.5_n_trotter_steps=10_Lx=4_Ly=7.json,56,63,1764,oom,oom,,,2172.451646566391,1.201195389293989e-20
456,TFIM_square_PBC_Jz=1.0_hx=4.0_dt=0.3_n_trotter_steps=10_Lx=8_Ly=7.json,56,161,1120,oom,oom,,,1327.5329842567444,1.8226593842750537e-16
457,TFIM_honeycomb_PBC_Jz=1.0_hx=6.0_dt=0.5_n_trotter_steps=8_Lx=4_Ly=7.json,56,33,672,oom,oom,,,792.2346882820129,0.9999991020913604
458,TFIM_honeycomb_obc_Jz=1.0_hx=3.0_dt=0.3_n_trotter_steps=10_Lx=4_Ly=7.json,56,41,730,1091.667595997,0.7318015343264618,,,272.5430977344513,0.7318076817563378
459,TFIM_square_PBC_Jz=1.0_hx=4.0_dt=0.1_n_trotter_steps=4_Lx=8_Ly=7.json,56,65,448,2026.109739551,0.8304294066248737,,,438.21246099472046,0.830739682753885
460,TFIM_honeycomb_obc_Jz=1.0_hx=3.0_dt=0.5_n_trotter_steps=10_Lx=4_Ly=7.json,56,41,730,1104.452281561,0.9999099713748526,,,246.65442538261414,0.9999100101067272
461,TFIM_honeycomb_PBC_Jz=1.0_hx=3.0_dt=0.5_n_trotter_steps=8_Lx=4_Ly=7.json,56,33,672,oom,oom,,,873.9942424297333,1.2634797266401864e-06
462,XZ_honeycomb_obc_J=1_dt=0.1_n_trotter_steps=4_Lx=4_Ly=7.json,56,27,657,831.971515571,0.9999796076640529,,,195.44155383110046,0.9999796266734954
463,TFIM_honeycomb_PBC_Jz=1.0_hx=6.0_dt=0.3_n_trotter_steps=6_Lx=4_Ly=7.json,56,25,504,oom,oom,,,730.8405859470367,1.0532435102765339e-05
464,TFIM_square_PBC_Jz=1.0_hx=2.0_dt=0.1_n_trotter_steps=2_Lx=8_Ly=7.json,56,33,224,766.010210709,0.9999964879947673,,,158.37151551246643,0.9999964791389003
465,TFIM_square_PBC_Jz=1.0_hx=2.0_dt=0.1_n_trotter_steps=14_Lx=8_Ly=7.json,56,225,1568,oom,oom,,,1745.5576553344727,0.15960742980729684
466,TFIM_square_obc_Jz=1.0_hx=2.0_dt=0.1_n_trotter_steps=8_Lx=8_Ly=7.json,56,50,776,2297.424561205,0.9319932746208015,,,516.6399757862091,0.9319686699180522
467,TFIM_honeycomb_obc_Jz=1.0_hx=1.5_dt=0.5_n_trotter_steps=18_Lx=4_Ly=7.json,56,73,1314,2089.978622021,6.282061222135256e-05,,,538.5601801872253,6.28517877106936e-05
468,XZ_honeycomb_obc_J=1_dt=0.5_n_trotter_steps=4_Lx=4_Ly=7.json,56,27,657,944.146263581,0.02417288496125496,,,251.3003535270691,0.023996621061415185
469,TFIM_honeycomb_obc_Jz=1.0_hx=3.0_dt=0.3_n_trotter_steps=4_Lx=4_Ly=7.json,56,17,292,288.386194143,0.9967963149097747,,,73.93272829055786,0.9967967069692507
470,TFIM_honeycomb_obc_Jz=1.0_hx=3.0_dt=0.5_n_trotter_steps=16_Lx=4_Ly=7.json,56,65,1168,1868.159225183,0.9997271505356833,,,420.962837934494,0.9997271435026952
471,TFIM_square_obc_Jz=1.0_hx=4.0_dt=0.1_n_trotter_steps=2_Lx=8_Ly=7.json,56,20,194,194.76463452,0.9999999993438036,,,55.32519602775574,0.9999999993444204
472,TFIM_honeycomb_PBC_Jz=1.0_hx=6.0_dt=0.3_n_trotter_steps=4_Lx=4_Ly=7.json,56,17,336,2094.441526182,0.001777559275457928,,,474.9660155773163,0.0017817774739657861
473,TFIM_honeycomb_PBC_Jz=1.0_hx=6.0_dt=0.5_n_trotter_steps=6_Lx=4_Ly=7.json,56,25,504,2929.464991247,0.9999991674794976,,,637.0987174510956,0.9999991674177822
474,TFIM_honeycomb_PBC_Jz=1.0_hx=3.0_dt=0.3_n_trotter_steps=6_Lx=4_Ly=7.json,56,25,504,oom,oom,,,743.3372211456299,0.10853874018554364
475,TFIM_square_obc_Jz=1.0_hx=8.0_dt=0.3_n_trotter_steps=20_Lx=8_Ly=7.json,56,110,1940,oom,oom,,,1651.9220724105835,0.0089326331553787
476,TFIM_square_obc_Jz=1.0_hx=8.0_dt=0.5_n_trotter_steps=12_Lx=8_Ly=7.json,56,70,1164,oom,oom,10909.544287919998,nan,965.1079659461975,6.243715342199976e-11
477,TFIM_square_PBC_Jz=1.0_hx=2.0_dt=0.5_n_trotter_steps=4_Lx=8_Ly=7.json,56,65,448,2086.853709685,5.56777509089311e-09,5830.359445571899,nan,514.1886825561523,5.9563448962406854e-09
478,TFIM_honeycomb_PBC_Jz=1.0_hx=1.5_dt=0.5_n_trotter_steps=8_Lx=4_Ly=7.json,56,33,672,oom,oom,,,911.4759891033173,0.0009337389939496715
479,TFIM_honeycomb_PBC_Jz=1.0_hx=1.5_dt=0.3_n_trotter_steps=18_Lx=4_Ly=7.json,56,73,1512,oom,oom,,,1843.8003375530243,0.09195828976966167
